Gene_name,Ensemble_id,Locus
SNORA70,ENSCAFG00845000269,1:2416820:2416954:1
U6,ENSCAFG00845000541,1:2875581:2875684:-1
U6,ENSCAFG00845000730,1:4582301:4582409:-1
U6,ENSCAFG00845001995,1:11203937:11204028:1
U6,ENSCAFG00845000052,1:14531798:14531896:-1
U6,ENSCAFG00845000252,1:15450624:15450729:-1
U6,ENSCAFG00845000299,1:16284065:16284172:1
U2,ENSCAFG00845000554,1:16830067:16830256:1
U6,ENSCAFG00845000790,1:17296547:17296651:1
MIR122,ENSCAFG00845000867,1:17474111:17474204:-1
U6,ENSCAFG00845002301,1:19057438:19057542:-1
U6,ENSCAFG00845003166,1:21879260:21879367:1
U2,ENSCAFG00845003179,1:22025405:22025595:1
U6,ENSCAFG00845003196,1:23532575:23532682:-1
U6,ENSCAFG00845004528,1:25146856:25146963:-1
U6,ENSCAFG00845004612,1:25365941:25366032:-1
U6,ENSCAFG00845004694,1:25660666:25660770:-1
U6,ENSCAFG00845004727,1:25784090:25784194:-1
U6,ENSCAFG00845004772,1:25871823:25871927:1
U6,ENSCAFG00845004776,1:25895165:25895269:1
U6,ENSCAFG00845004876,1:25994886:25994989:1
U4,ENSCAFG00845004878,1:26074411:26074563:-1
U6,ENSCAFG00845004917,1:26682546:26682653:-1
U6,ENSCAFG00845004969,1:27110682:27110789:-1
U6,ENSCAFG00845005017,1:27406527:27406628:1
U1,ENSCAFG00845006540,1:29775987:29776150:-1
U4,ENSCAFG00845013153,1:36016616:36016745:-1
U6,ENSCAFG00845013164,1:36278838:36278945:1
U6,ENSCAFG00845019568,1:40829529:40829629:1
U4,ENSCAFG00845019716,1:40934742:40934949:-1
U4,ENSCAFG00845000011,1:41962099:41962224:-1
U6,ENSCAFG00845000238,1:44277561:44277664:-1
U6,ENSCAFG00845000249,1:44287659:44287766:-1
U6,ENSCAFG00845000525,1:46206579:46206681:1
U6,ENSCAFG00845001275,1:48080991:48081105:1
U6,ENSCAFG00845001673,1:48848896:48849003:1
U2,ENSCAFG00845002329,1:49828933:49829038:-1
U1,ENSCAFG00845004704,1:54446593:54446758:1
U4,ENSCAFG00845007229,1:58968058:58968189:-1
SNORA72,ENSCAFG00845008228,1:59762738:59762864:-1
U4,ENSCAFG00845008264,1:60400759:60400908:1
U6,ENSCAFG00845008297,1:60825542:60825645:1
U2,ENSCAFG00845009236,1:61498238:61498326:-1
U6,ENSCAFG00845009247,1:61690148:61690256:1
U6,ENSCAFG00845000072,1:64467827:64467930:-1
U2,ENSCAFG00845000075,1:64535570:64535705:1
U4,ENSCAFG00845000312,1:65096235:65096436:-1
U6,ENSCAFG00845000336,1:65385625:65385726:1
U6,ENSCAFG00845000343,1:65388801:65388903:1
U6,ENSCAFG00845000699,1:66640685:66640782:1
U6,ENSCAFG00845002895,1:70132800:70132903:-1
U6,ENSCAFG00845002997,1:70275906:70276013:-1
U6,ENSCAFG00845003532,1:70698158:70698265:-1
U6,ENSCAFG00845003704,1:70870585:70870691:1
U6,ENSCAFG00845003820,1:71130654:71130761:-1
U6,ENSCAFG00845003826,1:71292002:71292102:1
MIR24-1,ENSCAFG00845005003,1:71981966:71982028:-1
MIR27B,ENSCAFG00845005007,1:71982463:71982550:-1
MIR23B,ENSCAFG00845005009,1:71982704:71982775:-1
U1,ENSCAFG00845005307,1:74235252:74235416:1
U4,ENSCAFG00845005332,1:74637587:74637709:-1
U6,ENSCAFG00845005527,1:75366952:75367051:1
U6,ENSCAFG00845005534,1:75482396:75482499:1
U6,ENSCAFG00845005552,1:75791472:75791583:1
MIR7-1,ENSCAFG00845005639,1:75811036:75811145:1
U6,ENSCAFG00845007290,1:78317583:78317680:1
Metazoa_SRP,ENSCAFG00845007298,1:78365979:78366215:1
U7,ENSCAFG00845008081,1:80713182:80713244:1
U6,ENSCAFG00845010746,1:82186352:82186456:1
U6,ENSCAFG00845000038,1:84615953:84616059:1
U4,ENSCAFG00845000039,1:84698084:84698167:-1
U6,ENSCAFG00845000131,1:86337978:86338080:1
MIR204,ENSCAFG00845000612,1:87271362:87271430:1
U4,ENSCAFG00845000914,1:88627194:88627459:1
U4,ENSCAFG00845001534,1:89471989:89472102:1
U6,ENSCAFG00845002786,1:93087557:93087663:1
MIR101-2,ENSCAFG00845015812,1:93749511:93749602:1
U6,ENSCAFG00845015990,1:93894554:93894659:-1
U6,ENSCAFG00845016312,1:94277742:94277813:1
U2,ENSCAFG00845016588,1:94365671:94365769:-1
U3,ENSCAFG00845017214,1:95545668:95545872:-1
U6,ENSCAFG00845020178,1:97734663:97734778:-1
U6,ENSCAFG00845021767,1:98624497:98624601:-1
U6,ENSCAFG00845024976,1:99586879:99586986:1
SNORA84,ENSCAFG00845000122,1:99664125:99664257:1
U4,ENSCAFG00845000127,1:99733255:99733401:1
U6,ENSCAFG00845000093,1:101996969:101997083:1
U4,ENSCAFG00845001197,1:103018472:103018623:1
U2,ENSCAFG00845003727,1:103667450:103667594:-1
U4,ENSCAFG00845004257,1:104109622:104109792:-1
U6,ENSCAFG00845004335,1:104299673:104299780:1
U6,ENSCAFG00845014385,1:106213991:106214090:-1
U4,ENSCAFG00845023044,1:107384349:107384481:-1
SNORD34,ENSCAFG00845024193,1:107531564:107531637:-1
SNORD33,ENSCAFG00845024205,1:107531844:107531929:-1
SNORD33,ENSCAFG00845024216,1:107532580:107532664:-1
SNORA70,ENSCAFG00845000079,1:107622746:107622864:-1
U6,ENSCAFG00845000306,1:107840563:107840670:-1
U6,ENSCAFG00845002976,1:109322273:109322380:1
U6,ENSCAFG00845003403,1:109738935:109739042:1
U6,ENSCAFG00845004540,1:110087966:110088075:-1
U6,ENSCAFG00845007849,1:111519624:111519731:1
U6,ENSCAFG00845000173,1:112215357:112215467:-1
U6,ENSCAFG00845000446,1:112251963:112252070:-1
U6,ENSCAFG00845002515,1:113266011:113266124:-1
U6,ENSCAFG00845004067,1:114134666:114134775:1
5S_rRNA,ENSCAFG00845005176,1:115055221:115055339:-1
U4,ENSCAFG00845006350,1:115344305:115344436:1
Metazoa_SRP,ENSCAFG00845006614,1:115545745:115545975:1
U6,ENSCAFG00845007008,1:115875677:115875784:1
U6,ENSCAFG00845001082,1:117422175:117422265:1
U1,ENSCAFG00845000885,1:120452786:120452947:-1
U6,ENSCAFG00845000890,1:120622305:120622414:1
U6,ENSCAFG00845009217,10:997235:997340:1
U4,ENSCAFG00845010064,10:6599464:6599586:1
U6,ENSCAFG00845012359,10:8086181:8086287:-1
U6,ENSCAFG00845013741,10:10637465:10637572:1
U6,ENSCAFG00845022292,10:12982225:12982345:1
U6,ENSCAFG00845022306,10:12991298:12991401:1
U6,ENSCAFG00845024057,10:13529352:13529458:-1
U2,ENSCAFG00845005462,10:17628570:17628739:1
U12,ENSCAFG00845014592,10:23597571:23597721:-1
MIR33A,ENSCAFG00845015755,10:24201613:24201674:-1
U8,ENSCAFG00845016113,10:24371898:24372057:1
U6,ENSCAFG00845018983,10:24833856:24833958:-1
U6,ENSCAFG00845019160,10:25046817:25046925:1
U1,ENSCAFG00845021716,10:26432744:26432885:-1
U6,ENSCAFG00845022427,10:26744758:26744866:-1
U4,ENSCAFG00845011331,10:31901060:31901261:1
U4,ENSCAFG00845012250,10:32718427:32718540:-1
U6,ENSCAFG00845005736,10:33856340:33856451:1
U6,ENSCAFG00845007052,10:35651263:35651371:1
U4,ENSCAFG00845007264,10:35820676:35820797:1
U2,ENSCAFG00845009032,10:37274080:37274271:-1
U6,ENSCAFG00845009229,10:38111789:38111890:-1
U4,ENSCAFG00845009242,10:38141640:38141779:-1
U6,ENSCAFG00845009672,10:38916851:38916959:1
U6,ENSCAFG00845010277,10:41317714:41317822:1
U6,ENSCAFG00845010807,10:41696471:41696578:-1
SNORD89,ENSCAFG00845012849,10:42517430:42517545:1
U6,ENSCAFG00845028168,10:49903931:49904036:-1
U5,ENSCAFG00845005443,10:50513657:50513776:1
U4,ENSCAFG00845005469,10:50556405:50556589:-1
U6,ENSCAFG00845006593,10:52131143:52131250:1
U6,ENSCAFG00845007570,10:53914237:53914345:1
U4,ENSCAFG00845010614,10:56983721:56983896:1
U6,ENSCAFG00845012185,10:57667335:57667442:1
U6,ENSCAFG00845012883,10:59585145:59585249:1
U6,ENSCAFG00845013408,10:62225317:62225417:1
U6,ENSCAFG00845013562,10:62416380:62416470:-1
U2,ENSCAFG00845013574,10:62503163:62503354:1
U6,ENSCAFG00845016164,10:62757495:62757602:1
U2,ENSCAFG00845023592,10:68606833:68606994:1
SNORD96,ENSCAFG00845005518,11:391541:391620:-1
U6,ENSCAFG00845006961,11:1470942:1471049:-1
U2,ENSCAFG00845005427,11:5738625:5738790:1
U6,ENSCAFG00845009639,11:15693987:15694094:1
U6,ENSCAFG00845010597,11:16492093:16492199:-1
U6,ENSCAFG00845007431,11:19048890:19048997:-1
U6,ENSCAFG00845007580,11:19642995:19643102:-1
U6,ENSCAFG00845008010,11:20519101:20519206:1
U6,ENSCAFG00845010237,11:21382155:21382263:1
U6,ENSCAFG00845010935,11:21735940:21736048:-1
U4,ENSCAFG00845011981,11:22079043:22079192:-1
MIR3661,ENSCAFG00845012673,11:23211137:23211233:1
U2,ENSCAFG00845012988,11:23413307:23413482:1
U4,ENSCAFG00845013727,11:23647917:23648001:-1
Vault,ENSCAFG00845014427,11:24804142:24804240:-1
MIR874,ENSCAFG00845016843,11:26199025:26199109:-1
U4,ENSCAFG00845020041,11:26714802:26714961:1
SNORD63,ENSCAFG00845022181,11:26985016:26985082:-1
SNORD63,ENSCAFG00845022191,11:26987544:26987619:-1
U6,ENSCAFG00845022976,11:27576491:27576598:1
SNORA74,ENSCAFG00845023575,11:27598924:27599125:1
5_8S_rRNA,ENSCAFG00845023584,11:27660684:27660835:-1
U3,ENSCAFG00845024129,11:28247466:28247559:1
U6,ENSCAFG00845026122,11:29683923:29684027:1
Metazoa_SRP,ENSCAFG00845027805,11:30010277:30010568:-1
U6,ENSCAFG00845027987,11:30632178:30632287:-1
U6,ENSCAFG00845008669,11:32215711:32215815:-1
U6,ENSCAFG00845008678,11:33039230:33039337:-1
U6,ENSCAFG00845012963,11:36764071:36764168:-1
U6,ENSCAFG00845014734,11:40507596:40507703:1
SNORA70,ENSCAFG00845014741,11:40567666:40567791:1
U6,ENSCAFG00845014890,11:41035506:41035614:-1
MIR491,ENSCAFG00845016137,11:41242834:41242918:1
U6,ENSCAFG00845016160,11:41310367:41310471:1
U4,ENSCAFG00845016266,11:41549598:41549709:1
U6,ENSCAFG00845016865,11:43781093:43781200:-1
U6,ENSCAFG00845016882,11:43870179:43870281:-1
U3,ENSCAFG00845017084,11:44145003:44145238:1
U6,ENSCAFG00845017187,11:45001365:45001472:-1
U6,ENSCAFG00845018951,11:46756176:46756282:-1
U6,ENSCAFG00845019078,11:48833216:48833324:1
U4,ENSCAFG00845019090,11:49657017:49657166:1
U6,ENSCAFG00845019107,11:49685633:49685740:-1
U6,ENSCAFG00845020323,11:51258934:51259041:-1
U6,ENSCAFG00845021874,11:51515407:51515510:-1
SNORD121B,ENSCAFG00845022769,11:51633118:51633200:-1
SNORD121A,ENSCAFG00845022786,11:51647020:51647103:-1
U6,ENSCAFG00845005517,11:52510768:52510875:1
U6,ENSCAFG00845005521,11:52648523:52648629:-1
U6,ENSCAFG00845008109,11:53122464:53122571:1
RNase_MRP,ENSCAFG00845008450,11:53259199:53259472:-1
U6,ENSCAFG00845013195,11:54240721:54240823:-1
U6,ENSCAFG00845013614,11:54728378:54728485:-1
SNORD42,ENSCAFG00845014041,11:55282519:55282566:1
U6,ENSCAFG00845007368,11:57050486:57050588:-1
U6,ENSCAFG00845009339,11:59350994:59351098:1
U2,ENSCAFG00845009601,11:60084862:60085046:1
5S_rRNA,ENSCAFG00845009635,11:61175007:61175126:-1
U6,ENSCAFG00845009743,11:61556154:61556261:1
U6,ENSCAFG00845010765,11:62042466:62042573:-1
U6,ENSCAFG00845011605,11:64016313:64016417:-1
MIR32,ENSCAFG00845012030,11:65330986:65331054:-1
U6,ENSCAFG00845013036,11:66061760:66061867:1
U6,ENSCAFG00845013479,11:66446999:66447098:-1
U6,ENSCAFG00845012115,11:73502785:73502893:-1
U2,ENSCAFG00845014614,11:74784744:74784826:1
U2,ENSCAFG00845014988,11:75098659:75098850:-1
U2,ENSCAFG00845016916,11:75447371:75447508:1
U6,ENSCAFG00845017066,12:2599:2706:-1
U4,ENSCAFG00845006506,12:368818:368965:-1
SNORD83,ENSCAFG00845010387,12:1183093:1183170:-1
SNORD83,ENSCAFG00845010404,12:1188767:1188842:-1
SNORD52,ENSCAFG00845013009,12:1449147:1449215:1
U6,ENSCAFG00845016790,12:2021014:2021125:1
U6,ENSCAFG00845016802,12:2157023:2157131:1
U6,ENSCAFG00845026739,12:3883142:3883244:-1
U4,ENSCAFG00845027156,12:4096433:4096629:-1
U6,ENSCAFG00845027357,12:4221038:4221143:1
U6,ENSCAFG00845006916,12:5155745:5155848:-1
U6,ENSCAFG00845014723,12:9702524:9702628:1
U6,ENSCAFG00845005673,12:11545527:11545632:-1
U6,ENSCAFG00845011932,12:13218655:13218759:-1
U6,ENSCAFG00845012566,12:14132832:14132933:-1
U6,ENSCAFG00845012723,12:14764613:14764720:1
U6,ENSCAFG00845012961,12:15283999:15284105:1
U6,ENSCAFG00845006322,12:16356002:16356109:-1
U2,ENSCAFG00845006408,12:16564604:16564811:1
U2,ENSCAFG00845006421,12:17256876:17256952:-1
U4,ENSCAFG00845007175,12:18626314:18626439:1
U4,ENSCAFG00845007517,12:19450287:19450435:-1
U4,ENSCAFG00845008686,12:19806883:19807051:-1
MIR133B,ENSCAFG00845008756,12:20308696:20308780:1
U6,ENSCAFG00845009748,12:20912841:20912941:-1
U2,ENSCAFG00845010116,12:21084161:21084264:1
U6,ENSCAFG00845010128,12:21105748:21105855:1
U6,ENSCAFG00845011379,12:22687765:22687865:1
U6,ENSCAFG00845011428,12:22788663:22788771:1
U6,ENSCAFG00845011439,12:22987538:22987645:1
U6,ENSCAFG00845012062,12:24068828:24068931:-1
U6,ENSCAFG00845007350,12:27495560:27495668:-1
U6,ENSCAFG00845007764,12:28730575:28730677:1
U2,ENSCAFG00845007791,12:28938746:28938846:-1
U6,ENSCAFG00845007941,12:29222264:29222370:1
U2,ENSCAFG00845007950,12:30524938:30525120:1
U6,ENSCAFG00845008153,12:32382391:32382500:-1
U6,ENSCAFG00845008170,12:32666761:32666867:1
U4,ENSCAFG00845010013,12:33824322:33824448:1
MIR30C2,ENSCAFG00845010251,12:34298109:34298189:-1
MIR30A,ENSCAFG00845010274,12:34324110:34324181:-1
U6,ENSCAFG00845011819,12:35495514:35495613:1
U4,ENSCAFG00845011949,12:36017248:36017374:-1
U1,ENSCAFG00845013375,12:37421782:37421944:-1
U1,ENSCAFG00845007332,12:37572225:37572387:-1
U6,ENSCAFG00845007979,12:37968061:37968167:1
U6,ENSCAFG00845007990,12:38046482:38046586:-1
U6,ENSCAFG00845007996,12:38049604:38049711:1
U6,ENSCAFG00845008308,12:38126258:38126364:-1
U6,ENSCAFG00845008322,12:38129500:38129611:1
U6,ENSCAFG00845008668,12:39552034:39552141:1
U6,ENSCAFG00845008770,12:39916787:39916894:-1
U6,ENSCAFG00845008781,12:40194313:40194418:-1
U6,ENSCAFG00845008797,12:40404550:40404647:1
U6,ENSCAFG00845008964,12:40818159:40818264:-1
U6,ENSCAFG00845009551,12:42868834:42868941:-1
U5,ENSCAFG00845011233,12:44290568:44290688:-1
U4,ENSCAFG00845011672,12:44632681:44632800:-1
U6,ENSCAFG00845012876,12:45688142:45688249:1
U6,ENSCAFG00845013498,12:46419498:46419597:1
U1,ENSCAFG00845006033,12:48056810:48056953:1
U6,ENSCAFG00845006047,12:48100050:48100154:-1
U6,ENSCAFG00845006385,12:48798607:48798710:1
MIR8833,ENSCAFG00845006553,12:49180715:49180860:1
Y_RNA,ENSCAFG00845007070,12:49456427:49456529:-1
U4,ENSCAFG00845007945,12:49870221:49870309:-1
U6,ENSCAFG00845008001,12:49963415:49963520:-1
U6,ENSCAFG00845008172,12:52029474:52029581:-1
U6,ENSCAFG00845008236,12:53339642:53339753:-1
5S_rRNA,ENSCAFG00845008287,12:54152184:54152291:-1
U6,ENSCAFG00845008309,12:54223435:54223542:-1
Y_RNA,ENSCAFG00845008332,12:54847902:54848004:1
U5,ENSCAFG00845009127,12:56339278:56339397:-1
U4,ENSCAFG00845009449,12:56612410:56612542:1
MIR2113,ENSCAFG00845009456,12:57241467:57241558:1
U6,ENSCAFG00845005507,12:58310230:58310337:1
U3,ENSCAFG00845005788,12:58905419:58905506:1
U6,ENSCAFG00845008029,12:64498482:64498586:-1
U4,ENSCAFG00845008337,12:65001101:65001269:1
U6,ENSCAFG00845009271,12:66164656:66164764:1
U6,ENSCAFG00845009559,12:66420896:66421003:1
U6,ENSCAFG00845013267,12:68241072:68241176:1
U6,ENSCAFG00845016258,12:68320226:68320330:1
U4,ENSCAFG00845016269,12:68320731:68320852:-1
U6,ENSCAFG00845017335,12:68801057:68801150:1
SNORA72,ENSCAFG00845024417,13:449931:450063:-1
U6,ENSCAFG00845025387,13:1085398:1085502:-1
U2,ENSCAFG00845026306,13:1333919:1334090:-1
U6,ENSCAFG00845026435,13:1566412:1566518:-1
MIR599,ENSCAFG00845026451,13:1691778:1691873:-1
U4,ENSCAFG00845028296,13:2297878:2298055:1
Y_RNA,ENSCAFG00845028990,13:3016553:3016666:1
Y_RNA,ENSCAFG00845007100,13:3219027:3219128:1
U6,ENSCAFG00845010888,13:8132108:8132211:-1
U6,ENSCAFG00845010946,13:8404686:8404793:1
U2,ENSCAFG00845010952,13:8672681:8672804:1
U6,ENSCAFG00845013746,13:11102078:11102179:-1
U6,ENSCAFG00845014018,13:13367781:13367887:-1
U6,ENSCAFG00845014031,13:14116762:14116869:1
U6,ENSCAFG00845014058,13:15038123:15038231:-1
U6,ENSCAFG00845005567,13:18355733:18355840:1
U6,ENSCAFG00845008626,13:20654374:20654482:1
U6,ENSCAFG00845008646,13:21007472:21007579:-1
U1,ENSCAFG00845008655,13:21281371:21281523:-1
U6,ENSCAFG00845008670,13:21326970:21327078:-1
U6,ENSCAFG00845012390,13:24065898:24065986:1
U4,ENSCAFG00845012402,13:24350550:24350676:1
U6,ENSCAFG00845012418,13:25320134:25320244:-1
SNORA73,ENSCAFG00845012912,13:27359020:27359220:-1
U6,ENSCAFG00845013990,13:28130885:28130991:1
U4,ENSCAFG00845007418,13:29020334:29020479:-1
U6,ENSCAFG00845011259,13:31880871:31880976:-1
U6,ENSCAFG00845011281,13:33274480:33274583:-1
U6,ENSCAFG00845011309,13:33511482:33511585:1
U6,ENSCAFG00845014583,13:39810558:39810658:1
U4,ENSCAFG00845015157,13:40085629:40085761:1
U6,ENSCAFG00845015570,13:42396878:42396977:1
U6,ENSCAFG00845015588,13:42409244:42409351:1
U2,ENSCAFG00845015606,13:42467972:42468070:-1
U6,ENSCAFG00845010316,13:44925246:44925339:-1
U6,ENSCAFG00845012005,13:48019470:48019577:-1
U4,ENSCAFG00845012451,13:48422712:48422826:-1
U2,ENSCAFG00845013331,13:49126807:49126971:-1
U5,ENSCAFG00845013948,13:49651336:49651451:-1
U4,ENSCAFG00845014194,13:49731693:49731869:-1
Metazoa_SRP,ENSCAFG00845014203,13:49990195:49990300:1
U6,ENSCAFG00845014222,13:50092060:50092174:-1
U6,ENSCAFG00845014265,13:52084447:52084556:-1
SNORA62,ENSCAFG00845014270,13:52477226:52477379:1
U6,ENSCAFG00845014277,13:52749566:52749671:-1
U6,ENSCAFG00845014485,13:54133242:54133348:1
U6,ENSCAFG00845007111,13:57040461:57040562:-1
U6,ENSCAFG00845007173,13:58171895:58171989:1
U6,ENSCAFG00845007189,13:58584685:58584793:-1
U6,ENSCAFG00845008974,13:59483370:59483473:-1
SNORA62,ENSCAFG00845011446,13:60946199:60946344:-1
U2,ENSCAFG00845012285,13:62160387:62160548:-1
U6,ENSCAFG00845006296,13:63300488:63300593:1
U4,ENSCAFG00845014587,14:2875370:2875452:1
U6,ENSCAFG00845016577,14:6072555:6072662:1
MIR335,ENSCAFG00845017155,14:6209118:6209204:-1
U6,ENSCAFG00845018857,14:6446655:6446758:-1
MIR183,ENSCAFG00845019783,14:6831517:6831624:1
MIR96,ENSCAFG00845019805,14:6831752:6831841:1
MIR592,ENSCAFG00845026426,14:8955531:8955626:1
U6,ENSCAFG00845026461,14:9831890:9831997:1
U6,ENSCAFG00845005738,14:10993125:10993231:-1
U3,ENSCAFG00845006026,14:11557983:11558197:1
U12,ENSCAFG00845010950,14:14394230:14394379:-1
U6,ENSCAFG00845011057,14:15429575:15429679:-1
U6,ENSCAFG00845013260,14:18246668:18246767:-1
U6,ENSCAFG00845019331,14:19974327:19974432:1
U4,ENSCAFG00845019347,14:20068213:20068363:-1
U6,ENSCAFG00845020606,14:20131934:20132041:-1
U4,ENSCAFG00845021416,14:20871490:20871655:1
SNORA62,ENSCAFG00845021428,14:21005105:21005256:1
U1,ENSCAFG00845021438,14:21098975:21099139:1
U2,ENSCAFG00845023732,14:23721407:23721604:1
U4,ENSCAFG00845026377,14:27217884:27218025:1
Y_RNA,ENSCAFG00845027021,14:28731358:28731470:-1
U6,ENSCAFG00845005827,14:31516688:31516802:1
U6,ENSCAFG00845007430,14:34254609:34254713:1
U6,ENSCAFG00845007789,14:35125595:35125702:-1
U4,ENSCAFG00845008097,14:35491088:35491248:-1
U6,ENSCAFG00845009464,14:36903529:36903633:-1
U6,ENSCAFG00845009478,14:37004384:37004490:1
U6,ENSCAFG00845009502,14:37038531:37038639:1
U6,ENSCAFG00845010309,14:38047793:38047898:1
U6,ENSCAFG00845010798,14:38891569:38891674:1
U4,ENSCAFG00845010803,14:39004949:39005106:1
U6,ENSCAFG00845010821,14:39333915:39334019:-1
MIR196B,ENSCAFG00845016110,14:40282649:40282734:-1
U6,ENSCAFG00845016284,14:40336412:40336520:1
U6,ENSCAFG00845016518,14:40665971:40666075:-1
U6,ENSCAFG00845017085,14:41153306:41153414:-1
U3,ENSCAFG00845018390,14:42323963:42324151:1
U6,ENSCAFG00845023743,14:45061249:45061354:1
U2,ENSCAFG00845025334,14:45259924:45260115:-1
U6,ENSCAFG00845026550,14:46527247:46527354:1
U4,ENSCAFG00845028674,14:47079841:47079968:1
SNORD116,ENSCAFG00845029868,14:49138317:49138405:-1
U4,ENSCAFG00845006927,14:55617209:55617291:1
SNORA62,ENSCAFG00845007909,14:55796001:55796136:1
U6,ENSCAFG00845008817,14:56151760:56151863:-1
U6,ENSCAFG00845010180,14:56568333:56568433:1
U6,ENSCAFG00845010310,14:56966689:56966795:1
U2,ENSCAFG00845010349,14:57212952:57213159:1
U4,ENSCAFG00845010912,14:59277202:59277398:1
U4,ENSCAFG00845008681,15:1944257:1944398:1
MIR30C1,ENSCAFG00845009474,15:2369417:2369500:-1
MIR30E,ENSCAFG00845009493,15:2372684:2372748:-1
U4,ENSCAFG00845010524,15:2909052:2909189:-1
U6,ENSCAFG00845010541,15:2933044:2933150:1
U6,ENSCAFG00845010561,15:2943536:2943637:1
U6,ENSCAFG00845030078,15:3753519:3753627:1
U3,ENSCAFG00845030143,15:3982340:3982446:-1
U6,ENSCAFG00845030466,15:4803418:4803526:-1
U6,ENSCAFG00845018074,15:8730042:8730149:-1
MIR761,ENSCAFG00845021725,15:9579829:9579899:1
U3,ENSCAFG00845022423,15:9662995:9663094:-1
U4,ENSCAFG00845023456,15:9976795:9976911:1
U2,ENSCAFG00845026559,15:11359035:11359154:1
U6,ENSCAFG00845021175,15:14574182:14574289:1
U6,ENSCAFG00845021191,15:14610649:14610756:1
U4,ENSCAFG00845021443,15:14798495:14798621:1
U4,ENSCAFG00845023035,15:15102869:15103085:-1
U5,ENSCAFG00845025777,15:15662093:15662208:1
SNORD39,ENSCAFG00845026501,15:15700434:15700514:-1
U5,ENSCAFG00845026850,15:15735991:15736107:1
U5,ENSCAFG00845026957,15:15745800:15745913:1
U6,ENSCAFG00845027275,15:15832093:15832214:-1
U6,ENSCAFG00845017112,15:16696219:16696326:1
RNaseP_nuc,ENSCAFG00845021682,15:17964355:17964672:-1
U6,ENSCAFG00845026956,15:18898714:18898821:-1
U4,ENSCAFG00845006063,15:19499911:19500068:-1
U1,ENSCAFG00845006573,15:19897509:19897662:-1
U4,ENSCAFG00845006681,15:20002905:20003082:-1
U6,ENSCAFG00845007154,15:20314033:20314140:1
U6,ENSCAFG00845009681,15:23308034:23308139:1
U12,ENSCAFG00845011432,15:25240583:25240731:1
U4,ENSCAFG00845011520,15:26711809:26711956:-1
U6,ENSCAFG00845012220,15:27387857:27387961:1
U6,ENSCAFG00845019536,15:31796571:31796677:-1
U6,ENSCAFG00845020099,15:33787657:33787755:1
U6,ENSCAFG00845020747,15:33877143:33877216:1
U2,ENSCAFG00845026459,15:37773693:37773884:-1
MIR1251,ENSCAFG00845026474,15:37774070:37774137:1
5S_rRNA,ENSCAFG00845026508,15:38197957:38198077:1
SNORA70,ENSCAFG00845027515,15:38715307:38715440:-1
U6,ENSCAFG00845010339,15:43041148:43041252:1
U4,ENSCAFG00845011154,15:43289300:43289415:-1
U6,ENSCAFG00845011388,15:43504914:43505021:1
U2,ENSCAFG00845013303,15:46181996:46182153:-1
U6,ENSCAFG00845013310,15:46386786:46386895:1
U6,ENSCAFG00845013753,15:48002282:48002386:1
SNORD73,ENSCAFG00845005781,15:49744755:49744828:1
SNORD73,ENSCAFG00845005790,15:49746023:49746093:1
U6,ENSCAFG00845007262,15:50919325:50919429:1
U6,ENSCAFG00845009069,15:51769511:51769612:-1
U6,ENSCAFG00845010876,15:54567770:54567875:1
U4,ENSCAFG00845010986,15:55255193:55255314:1
U1,ENSCAFG00845006109,15:58003888:58004051:-1
U6,ENSCAFG00845006340,15:58927471:58927577:-1
U6,ENSCAFG00845006348,15:58934726:58934832:-1
U6,ENSCAFG00845006367,15:60020375:60020482:1
SNORA70,ENSCAFG00845006890,15:62024863:62024990:1
SNORA62,ENSCAFG00845007469,15:62793700:62793876:1
U6,ENSCAFG00845008190,15:64514100:64514205:-1
Y_RNA,ENSCAFG00845011972,16:1633251:1633364:1
Y_RNA,ENSCAFG00845011995,16:1637406:1637508:-1
Y_RNA,ENSCAFG00845012008,16:1659455:1659551:-1
Y_RNA,ENSCAFG00845012022,16:1676996:1677074:-1
U6,ENSCAFG00845012032,16:1690052:1690159:-1
U6,ENSCAFG00845012974,16:2448923:2449028:-1
U6,ENSCAFG00845030921,16:7323976:7324061:1
U4,ENSCAFG00845031019,16:7526976:7527140:-1
U2,ENSCAFG00845031042,16:8092877:8093032:1
U6,ENSCAFG00845031066,16:8390362:8390469:1
U6,ENSCAFG00845031085,16:9131529:9131636:-1
U7,ENSCAFG00845031105,16:9414837:9414874:-1
U4,ENSCAFG00845006171,16:9809631:9809715:1
Y_RNA,ENSCAFG00845006401,16:9873880:9873974:1
U6,ENSCAFG00845007009,16:10549124:10549231:1
U6,ENSCAFG00845008827,16:12121181:12121290:1
U6,ENSCAFG00845008289,16:16020487:16020594:-1
U4,ENSCAFG00845011021,16:17096124:17096284:1
U6,ENSCAFG00845011875,16:18238951:18239056:1
U4,ENSCAFG00845013674,16:21198977:21199073:1
U6,ENSCAFG00845014170,16:21562943:21563050:-1
MIR153-2,ENSCAFG00845014376,16:21664492:21664572:-1
U6,ENSCAFG00845016716,16:24403677:24403785:1
Y_RNA,ENSCAFG00845017234,16:24507807:24507905:1
MIR486-1,ENSCAFG00845008401,16:25706836:25706900:-1
U6,ENSCAFG00845012571,16:28997954:28998066:-1
U6,ENSCAFG00845014417,16:31764905:31765013:-1
U4,ENSCAFG00845016094,16:35570911:35571042:1
U4,ENSCAFG00845012204,16:35795136:35795221:-1
U6,ENSCAFG00845014387,16:41832450:41832550:1
U6,ENSCAFG00845015205,16:43156377:43156485:-1
U6,ENSCAFG00845017613,16:45039238:45039341:-1
U6,ENSCAFG00845017630,16:45065897:45066000:-1
U6,ENSCAFG00845022774,16:47595674:47595777:1
SNORA70,ENSCAFG00845016523,16:49166313:49166445:-1
SNORD22,ENSCAFG00845018159,16:52852234:52852358:-1
U6,ENSCAFG00845018688,16:54867790:54867896:-1
U6,ENSCAFG00845022643,16:57966034:57966141:-1
U6,ENSCAFG00845022657,16:58041358:58041461:1
U1,ENSCAFG00845024200,16:59937920:59938085:1
U6,ENSCAFG00845024240,16:60430652:60430760:-1
U6,ENSCAFG00845024261,16:60537978:60538081:-1
U6,ENSCAFG00845021364,17:2162634:2162730:-1
U1,ENSCAFG00845022117,17:2693112:2693263:1
U6,ENSCAFG00845022127,17:3486692:3486798:1
SNORA70,ENSCAFG00845022353,17:4593357:4593484:-1
U6,ENSCAFG00845022674,17:4670040:4670149:1
U6,ENSCAFG00845022691,17:4745868:4745975:-1
U6,ENSCAFG00845022705,17:5041750:5041853:1
U6,ENSCAFG00845022715,17:5509425:5509529:-1
U6,ENSCAFG00845022728,17:5970144:5970251:-1
SNORA80B,ENSCAFG00845026267,17:7473238:7473371:-1
U12,ENSCAFG00845026594,17:7671788:7671935:1
U6,ENSCAFG00845027988,17:8150352:8150455:-1
U6,ENSCAFG00845029112,17:9294698:9294819:1
U6,ENSCAFG00845029167,17:9553031:9553137:-1
U6,ENSCAFG00845016209,17:12361847:12361954:1
U6,ENSCAFG00845017485,17:14007482:14007584:-1
U4,ENSCAFG00845017508,17:14099856:14099970:-1
U6,ENSCAFG00845019653,17:15420620:15420718:1
U4,ENSCAFG00845027314,17:20307359:20307513:-1
U4,ENSCAFG00845027340,17:20371541:20371712:1
U4,ENSCAFG00845006284,17:21495563:21495694:-1
U4,ENSCAFG00845009936,17:22325465:22325580:1
U4,ENSCAFG00845011704,17:24110732:24110865:-1
U4,ENSCAFG00845016863,17:29245566:29245698:1
U4,ENSCAFG00845017397,17:29646792:29646933:1
U6,ENSCAFG00845020414,17:30873341:30873448:-1
U6,ENSCAFG00845023461,17:31749772:31749869:1
U5,ENSCAFG00845028567,17:35188735:35188852:1
U6,ENSCAFG00845008065,17:35909368:35909472:1
U6,ENSCAFG00845010973,17:37547631:37547738:1
SNORA72,ENSCAFG00845012409,17:38155104:38155212:-1
U6,ENSCAFG00845013790,17:39867565:39867672:-1
SNORA70,ENSCAFG00845015060,17:42762521:42762645:1
U6,ENSCAFG00845015723,17:45248735:45248838:1
U2,ENSCAFG00845016680,17:48995902:48996029:1
U2,ENSCAFG00845016899,17:49253671:49253744:1
U6,ENSCAFG00845017621,17:49369719:49369822:1
U2,ENSCAFG00845019759,17:51675542:51675733:-1
U6,ENSCAFG00845021723,17:52186713:52186815:-1
U6,ENSCAFG00845023857,17:52932765:52932870:-1
U1,ENSCAFG00845007039,17:57557363:57557521:1
U1,ENSCAFG00845008571,17:58366647:58366792:1
U1,ENSCAFG00845008582,17:58371275:58371430:-1
U1,ENSCAFG00845008791,17:58530011:58530171:1
U1,ENSCAFG00845008804,17:58534898:58535052:-1
U4,ENSCAFG00845009692,17:59064695:59064876:1
SNORD22,ENSCAFG00845009788,17:59195875:59195999:-1
U1,ENSCAFG00845011559,17:59857648:59857810:-1
U6,ENSCAFG00845016986,17:60563082:60563178:-1
U6,ENSCAFG00845018351,17:60734286:60734393:-1
U2,ENSCAFG00845020107,17:60967091:60967282:1
U6,ENSCAFG00845020126,17:61042289:61042392:-1
U2,ENSCAFG00845020435,17:61054870:61055028:-1
U6,ENSCAFG00845024059,17:61599456:61599556:1
U6,ENSCAFG00845006357,17:63936424:63936529:-1
U1,ENSCAFG00845011157,18:3985965:3986129:-1
U6,ENSCAFG00845011177,18:5269122:5269226:1
U3,ENSCAFG00845011340,18:5831374:5831485:-1
U4,ENSCAFG00845011356,18:5874894:5875045:-1
U6,ENSCAFG00845011576,18:6251924:6252030:1
U6,ENSCAFG00845017828,18:6794286:6794393:-1
U6,ENSCAFG00845018578,18:8301488:8301590:-1
U6,ENSCAFG00845019281,18:9252583:9252695:1
U6,ENSCAFG00845019521,18:10055470:10055574:1
U2,ENSCAFG00845019979,18:10828248:10828439:-1
U2,ENSCAFG00845020439,18:11065538:11065711:-1
U6,ENSCAFG00845023703,18:12838967:12839071:1
U4,ENSCAFG00845025866,18:13268724:13268806:-1
U6,ENSCAFG00845027105,18:14531103:14531208:-1
U6,ENSCAFG00845028075,18:15252473:15252591:-1
U2,ENSCAFG00845028662,18:15719797:15719920:1
U6,ENSCAFG00845022817,18:18078652:18078760:-1
U6,ENSCAFG00845026887,18:22106845:22106952:-1
U6,ENSCAFG00845027684,18:24380686:24380791:-1
U6,ENSCAFG00845027824,18:24817223:24817328:1
U6,ENSCAFG00845027835,18:24965676:24965774:-1
U6,ENSCAFG00845019008,18:26554814:26554920:-1
U1,ENSCAFG00845019681,18:28273421:28273591:-1
U6,ENSCAFG00845016846,18:37715535:37715638:1
U6,ENSCAFG00845018788,18:38753936:38754042:-1
U1,ENSCAFG00845006601,18:40495716:40495836:-1
U6,ENSCAFG00845007390,18:40824823:40824925:-1
U6,ENSCAFG00845019616,18:42559261:42559359:1
U6,ENSCAFG00845020273,18:42658932:42659042:-1
U3,ENSCAFG00845022644,18:42943975:42944048:-1
U6,ENSCAFG00845026070,18:43138627:43138731:1
SNORD67,ENSCAFG00845026913,18:43413748:43413859:1
U4,ENSCAFG00845029166,18:44112903:44113054:-1
U6,ENSCAFG00845005986,18:45538844:45538951:-1
SNORA54,ENSCAFG00845012240,18:47605783:47605906:-1
U1,ENSCAFG00845013451,18:51940917:51941081:-1
U6,ENSCAFG00845014319,18:52326240:52326345:-1
U6,ENSCAFG00845027615,18:53199683:53199781:-1
MIR192,ENSCAFG00845028334,18:53322282:53322347:1
U6,ENSCAFG00845030835,18:54100124:54100231:-1
U2,ENSCAFG00845007393,18:54884599:54884780:-1
U2,ENSCAFG00845007410,18:54887660:54887837:-1
SNORD26,ENSCAFG00845007420,18:54894146:54894222:1
SNORD27,ENSCAFG00845007432,18:54894507:54894582:1
SNORD28,ENSCAFG00845007446,18:54894926:54895001:1
SNORD22,ENSCAFG00845007485,18:54895500:54895627:1
SNORD29,ENSCAFG00845007497,18:54895843:54895910:1
SNORD30,ENSCAFG00845007520,18:54896083:54896153:1
SNORD31,ENSCAFG00845007533,18:54896420:54896489:1
SNORD22,ENSCAFG00845007541,18:54896719:54896844:1
U6,ENSCAFG00845010115,18:55352553:55352656:1
U6,ENSCAFG00845010358,18:55453122:55453217:1
U6,ENSCAFG00845019053,19:308267:308375:-1
U6,ENSCAFG00845019133,19:784646:784751:1
U4,ENSCAFG00845019594,19:1192553:1192734:1
U6,ENSCAFG00845020472,19:2289894:2289998:1
U4,ENSCAFG00845022377,19:3504229:3504359:-1
U6,ENSCAFG00845022853,19:3931718:3931825:1
Y_RNA,ENSCAFG00845022868,19:4183860:4183961:1
U4,ENSCAFG00845023255,19:7281072:7281234:-1
U6,ENSCAFG00845023520,19:9716283:9716373:1
U6,ENSCAFG00845023558,19:11131981:11132088:-1
U6,ENSCAFG00845026222,19:12913347:12913452:-1
U6,ENSCAFG00845026855,19:13080485:13080592:1
U6,ENSCAFG00845017922,19:13741395:13741502:1
U2,ENSCAFG00845018222,19:14213833:14213935:1
U2,ENSCAFG00845018259,19:15192698:15192889:1
U6,ENSCAFG00845020089,19:17702581:17702685:1
U2,ENSCAFG00845020676,19:18017567:18017719:1
U6,ENSCAFG00845022400,19:19089265:19089371:-1
U2,ENSCAFG00845022482,19:19141933:19142124:1
U6,ENSCAFG00845022876,19:19356287:19356392:-1
Y_RNA,ENSCAFG00845017445,19:20828736:20828832:1
U6,ENSCAFG00845018306,19:21765100:21765204:1
U6,ENSCAFG00845018349,19:21884961:21885058:1
U6,ENSCAFG00845019208,19:23335877:23335981:1
U6,ENSCAFG00845019225,19:23402332:23402436:1
SNORA62,ENSCAFG00845020394,19:23972929:23973083:-1
U6,ENSCAFG00845020746,19:24129666:24129770:-1
U6,ENSCAFG00845025506,19:29912623:29912723:-1
U6,ENSCAFG00845025600,19:29924190:29924290:-1
U6,ENSCAFG00845028725,19:31796680:31796787:-1
U6,ENSCAFG00845005875,19:33044584:33044691:-1
U4,ENSCAFG00845006039,19:33285930:33286079:-1
U6,ENSCAFG00845006484,19:34870908:34871014:-1
U6,ENSCAFG00845007829,19:37728502:37728608:1
U6,ENSCAFG00845007840,19:37877513:37877621:-1
U6,ENSCAFG00845007910,19:38352921:38353026:1
U4,ENSCAFG00845009327,19:39672602:39672737:1
U6,ENSCAFG00845009340,19:39740910:39741014:1
U4,ENSCAFG00845010198,19:40753962:40754047:-1
U2,ENSCAFG00845010487,19:42214374:42214553:-1
U4,ENSCAFG00845013430,19:44899045:44899184:-1
U6,ENSCAFG00845013436,19:44943598:44943701:-1
U6,ENSCAFG00845013458,19:45936997:45937104:1
U6,ENSCAFG00845013486,19:46145004:46145106:1
U6,ENSCAFG00845006179,19:49216612:49216715:1
U6,ENSCAFG00845006192,19:49944449:49944548:-1
U6,ENSCAFG00845007436,19:51869573:51869680:-1
U6,ENSCAFG00845008235,19:53487730:53487850:1
U6,ENSCAFG00845001316,2:639736:639842:1
U6,ENSCAFG00845002713,2:3065767:3065873:1
U6,ENSCAFG00845003802,2:5277344:5277448:-1
5S_rRNA,ENSCAFG00845004081,2:6001111:6001230:-1
U6,ENSCAFG00845005420,2:6222528:6222626:-1
U6,ENSCAFG00845005782,2:6959898:6960003:1
U6,ENSCAFG00845007314,2:8590838:8590939:-1
U6,ENSCAFG00845009296,2:11343029:11343124:1
U6,ENSCAFG00845009309,2:11601111:11601210:-1
U6,ENSCAFG00845009316,2:11893550:11893647:1
U6,ENSCAFG00845010069,2:13124463:13124572:1
U6,ENSCAFG00845011437,2:14283408:14283513:1
U3,ENSCAFG00845012507,2:16996921:16997031:-1
U6,ENSCAFG00845012756,2:17531112:17531209:-1
U6,ENSCAFG00845013781,2:19576451:19576555:-1
U6,ENSCAFG00845014523,2:21577879:21577978:1
RNU6ATAC39P,ENSCAFG00845000202,2:24407686:24407816:-1
U6,ENSCAFG00845000418,2:24705082:24705189:-1
U6,ENSCAFG00845000584,2:25179862:25179970:-1
U6,ENSCAFG00845001079,2:26567859:26567966:-1
U6,ENSCAFG00845001086,2:27412044:27412150:1
U4,ENSCAFG00845001091,2:27875818:27875995:-1
U2,ENSCAFG00845001099,2:27897485:27897658:1
U6,ENSCAFG00845001545,2:29273213:29273320:-1
U6,ENSCAFG00845002839,2:30730869:30730966:-1
U6,ENSCAFG00845001674,2:36177149:36177257:-1
U6,ENSCAFG00845002822,2:36482439:36482543:1
U6,ENSCAFG00845019178,2:39013619:39013724:-1
U6,ENSCAFG00845019193,2:39041613:39041720:-1
U6,ENSCAFG00845022053,2:41290570:41290678:1
U3,ENSCAFG00845028716,2:44470068:44470250:-1
MIR582,ENSCAFG00845007403,2:46981260:46981341:-1
U6,ENSCAFG00845007455,2:47319567:47319674:1
U6,ENSCAFG00845007468,2:47529502:47529605:-1
U6,ENSCAFG00845008069,2:48654430:48654525:-1
U6,ENSCAFG00845008926,2:49241545:49241648:1
U6,ENSCAFG00845009941,2:51837031:51837141:-1
U4,ENSCAFG00845011662,2:53633780:53633901:-1
U6,ENSCAFG00845012340,2:54855266:54855363:-1
U2,ENSCAFG00845012349,2:54878675:54878872:-1
U4,ENSCAFG00845000161,2:55211857:55212004:1
U4,ENSCAFG00845001128,2:57054094:57054250:1
SNORA50A,ENSCAFG00845001868,2:58640044:58640180:1
MIR138-2,ENSCAFG00845003781,2:59993291:59993374:-1
U6,ENSCAFG00845000345,2:60392586:60392695:-1
U4,ENSCAFG00845003635,2:62905999:62906164:-1
Y_RNA,ENSCAFG00845003667,2:63122845:63122956:-1
U3,ENSCAFG00845004337,2:65874487:65874693:-1
U4,ENSCAFG00845004852,2:67894725:67894856:1
U6,ENSCAFG00845004934,2:68077654:68077761:-1
U6,ENSCAFG00845005096,2:68866141:68866248:-1
U6,ENSCAFG00845005163,2:68971525:68971632:1
U1,ENSCAFG00845005261,2:69014726:69014889:-1
U4,ENSCAFG00845005689,2:69226451:69226612:-1
U6,ENSCAFG00845006287,2:70317342:70317449:1
U6,ENSCAFG00845007490,2:71131846:71131953:-1
U6,ENSCAFG00845008253,2:71932422:71932527:1
U4,ENSCAFG00845009785,2:72432541:72432648:1
SNORA73,ENSCAFG00845010207,2:72532857:72533061:-1
SNORA73,ENSCAFG00845010215,2:72533786:72533991:-1
U4,ENSCAFG00845010512,2:72607057:72607193:1
U6,ENSCAFG00845012003,2:74135153:74135260:-1
U6,ENSCAFG00845014037,2:75177421:75177529:-1
U6,ENSCAFG00845015365,2:76604294:76604401:-1
U6,ENSCAFG00845001234,2:77941999:77942110:1
U6,ENSCAFG00845002221,2:78729228:78729331:1
SNORA72,ENSCAFG00845004227,2:81757512:81757638:1
SNORA70,ENSCAFG00845004935,2:82442882:82443022:1
U5,ENSCAFG00845001946,2:85023446:85023563:-1
U6,ENSCAFG00845002645,2:85530556:85530663:-1
U6,ENSCAFG00845003306,2:86086294:86086397:1
U6,ENSCAFG00845023687,20:4173779:4173883:-1
U6,ENSCAFG00845026746,20:5330939:5331046:1
U6,ENSCAFG00845026773,20:5397809:5397913:-1
U4,ENSCAFG00845026788,20:5461023:5461161:-1
Metazoa_SRP,ENSCAFG00845026798,20:5482679:5482967:-1
U6,ENSCAFG00845028273,20:5718448:5718554:1
MIR885,ENSCAFG00845007684,20:7998460:7998534:1
U6,ENSCAFG00845011076,20:12069962:12070066:1
U6,ENSCAFG00845011284,20:12538842:12538930:-1
U6,ENSCAFG00845005980,20:16107852:16107957:1
U6,ENSCAFG00845005990,20:16444065:16444172:-1
U6,ENSCAFG00845006414,20:16924388:16924495:1
U6,ENSCAFG00845006493,20:17657462:17657568:1
U6,ENSCAFG00845011499,20:24905687:24905784:-1
U2,ENSCAFG00845012674,20:26233591:26233679:-1
U6,ENSCAFG00845013370,20:26804505:26804613:1
U6,ENSCAFG00845013805,20:27888027:27888126:1
U4,ENSCAFG00845015269,20:29090253:29090389:-1
U4,ENSCAFG00845015274,20:29138068:29138238:-1
U4,ENSCAFG00845015327,20:30045814:30045947:-1
U6,ENSCAFG00845015370,20:30448812:30448919:1
U4,ENSCAFG00845018611,20:31972562:31972694:1
U4,ENSCAFG00845026499,20:35094022:35094189:1
U4,ENSCAFG00845027188,20:36234422:36234567:1
SNORD69,ENSCAFG00845029912,20:37455735:37455812:-1
SNORD19B,ENSCAFG00845029925,20:37456917:37456999:-1
SNORD19,ENSCAFG00845029929,20:37457862:37457939:-1
U4,ENSCAFG00845030122,20:37546812:37546952:1
MIR135A1,ENSCAFG00845030634,20:37811965:37812052:1
MIRLET7G,ENSCAFG00845030644,20:37851429:37851536:1
U6,ENSCAFG00845018432,20:38144699:38144806:-1
U6,ENSCAFG00845027399,20:40345043:40345147:1
MIR191,ENSCAFG00845029322,20:40501298:40501388:1
MIR425,ENSCAFG00845029333,20:40501751:40501892:1
U6,ENSCAFG00845008962,20:41910319:41910417:-1
U3,ENSCAFG00845012650,20:43352390:43352511:1
U4,ENSCAFG00845013949,20:43999556:43999690:1
U6,ENSCAFG00845013967,20:44025324:44025431:1
U6,ENSCAFG00845014545,20:44409537:44409641:1
U6,ENSCAFG00845020616,20:44828469:44828575:-1
U6,ENSCAFG00845026748,20:45734996:45735103:1
MIR181C,ENSCAFG00845026789,20:49111562:49111659:-1
MIR23A,ENSCAFG00845026824,20:49138433:49138508:1
MIR27A,ENSCAFG00845026838,20:49138666:49138726:1
MIR24-2,ENSCAFG00845026849,20:49138784:49138856:1
U1,ENSCAFG00845017844,20:50103373:50103533:1
MIR199A1,ENSCAFG00845024024,20:50932571:50932653:1
SNORA70,ENSCAFG00845024453,20:51076297:51076424:1
Metazoa_SRP,ENSCAFG00845027846,20:51325718:51325986:1
SNORD105B,ENSCAFG00845018791,20:51472348:51472428:-1
SNORD105,ENSCAFG00845018809,20:51473599:51473686:-1
U6,ENSCAFG00845023969,20:52092747:52092853:-1
U6,ENSCAFG00845010478,20:54274141:54274246:-1
U6,ENSCAFG00845010492,20:54286348:54286456:-1
MIR7-3,ENSCAFG00845014312,20:55647580:55647668:-1
U6,ENSCAFG00845014393,20:55716869:55716976:1
U6,ENSCAFG00845010626,20:56845039:56845146:1
U6,ENSCAFG00845014261,20:58436519:58436626:-1
U6,ENSCAFG00845014464,20:58513404:58513511:-1
U6,ENSCAFG00845016848,21:1613418:1613525:1
U6,ENSCAFG00845017151,21:3851601:3851707:1
SNORA18,ENSCAFG00845021205,21:7200725:7200856:1
SNORD5,ENSCAFG00845021225,21:7200999:7201071:1
SNORA8,ENSCAFG00845021239,21:7201772:7201911:1
SNORA72,ENSCAFG00845024120,21:10035543:10035679:-1
U2,ENSCAFG00845025109,21:10516719:10516831:-1
U4,ENSCAFG00845026269,21:11834197:11834354:-1
U6,ENSCAFG00845006264,21:12011178:12011285:-1
U2,ENSCAFG00845006455,21:12646902:12647049:1
U6,ENSCAFG00845006524,21:12903148:12903255:-1
U6,ENSCAFG00845011702,21:14635898:14636005:-1
U6,ENSCAFG00845006170,21:18873115:18873231:1
MIR708,ENSCAFG00845006346,21:19738864:19738933:1
U6,ENSCAFG00845007097,21:20243516:20243620:-1
U6,ENSCAFG00845007895,21:20489043:20489131:-1
U6,ENSCAFG00845010754,21:22534006:22534113:-1
SNORD15,ENSCAFG00845011881,21:23384624:23384769:-1
SNORD15,ENSCAFG00845011893,21:23388719:23388867:-1
U6,ENSCAFG00845006289,21:23929468:23929576:1
U6,ENSCAFG00845006615,21:24201246:24201349:1
U2,ENSCAFG00845007832,21:24754044:24754192:1
U6,ENSCAFG00845008990,21:25457657:25457763:1
U6,ENSCAFG00845008997,21:25545652:25545758:1
MIR139,ENSCAFG00845010042,21:25806179:25806236:1
U6,ENSCAFG00845010056,21:25918473:25918576:1
U2,ENSCAFG00845010195,21:25941897:25942002:-1
U6,ENSCAFG00845011077,21:26353419:26353527:1
U1,ENSCAFG00845013868,21:33711631:33711799:1
U6,ENSCAFG00845015753,21:35413757:35413857:-1
U6,ENSCAFG00845015766,21:35657751:35657858:1
U5,ENSCAFG00845017461,21:35984236:35984349:-1
U6,ENSCAFG00845019321,21:36367707:36367814:1
U6,ENSCAFG00845022649,21:38558401:38558514:-1
U6,ENSCAFG00845023193,21:38712949:38713056:-1
U6,ENSCAFG00845026903,21:40765286:40765390:1
SNORA72,ENSCAFG00845014212,21:41037237:41037369:-1
U6,ENSCAFG00845015081,21:41478666:41478773:-1
U12,ENSCAFG00845021098,21:42614423:42614575:-1
U6,ENSCAFG00845021259,21:43453631:43453725:1
U6,ENSCAFG00845022441,21:44798186:44798290:-1
U6,ENSCAFG00845023944,21:47548320:47548427:-1
U6,ENSCAFG00845023975,21:47909048:47909151:1
U6,ENSCAFG00845024962,21:48613217:48613324:1
U6,ENSCAFG00845018077,21:49607544:49607648:-1
U6,ENSCAFG00845018450,21:49937323:49937429:-1
U6,ENSCAFG00845018681,21:50941229:50941337:-1
MIR8811,ENSCAFG00845019368,21:51483001:51483110:-1
U6,ENSCAFG00845020673,21:51884628:51884735:1
U4,ENSCAFG00845022422,22:1302749:1302872:1
U6,ENSCAFG00845022434,22:1720463:1720571:-1
U6,ENSCAFG00845022453,22:1788456:1788562:1
U6,ENSCAFG00845006604,22:3437816:3437918:-1
U1,ENSCAFG00845006992,22:3960185:3960348:1
U2,ENSCAFG00845007004,22:4212819:4213024:-1
U6,ENSCAFG00845009085,22:5681304:5681411:1
U6,ENSCAFG00845010667,22:8451530:8451637:1
U3,ENSCAFG00845011989,22:9401077:9401175:1
U4,ENSCAFG00845012853,22:9757458:9757562:1
U6,ENSCAFG00845013236,22:10687888:10687996:1
U6,ENSCAFG00845018968,22:11466240:11466347:1
U6,ENSCAFG00845018987,22:11669630:11669730:-1
U6,ENSCAFG00845019006,22:12282792:12282899:-1
U6,ENSCAFG00845019056,22:13119089:13119191:1
U3,ENSCAFG00845020533,22:17179998:17180211:1
U6,ENSCAFG00845020566,22:19061736:19061843:1
U6,ENSCAFG00845020591,22:19277996:19278089:1
U6,ENSCAFG00845020717,22:21065653:21065756:-1
U6,ENSCAFG00845021468,22:24697629:24697736:-1
U4,ENSCAFG00845021536,22:25705591:25705735:1
Metazoa_SRP,ENSCAFG00845023427,22:27567324:27567612:-1
U1,ENSCAFG00845023718,22:29433354:29433482:1
U6,ENSCAFG00845026002,22:30196638:30196741:-1
U6,ENSCAFG00845028491,22:34348775:34348880:-1
U2,ENSCAFG00845028552,22:35510393:35510560:1
SNORA62,ENSCAFG00845006527,22:37813892:37814030:1
U1,ENSCAFG00845006812,22:40526103:40526263:1
U6,ENSCAFG00845006851,22:41244587:41244682:-1
U6,ENSCAFG00845006983,22:42404814:42404917:1
U4,ENSCAFG00845007203,22:43082118:43082236:-1
U6,ENSCAFG00845007251,22:43509331:43509435:-1
U6,ENSCAFG00845008833,22:46619580:46619684:-1
U6,ENSCAFG00845019110,22:47811687:47811801:1
U6,ENSCAFG00845021977,22:49744644:49744751:1
U6,ENSCAFG00845023289,22:50538401:50538506:-1
U6,ENSCAFG00845023885,22:50986100:50986205:-1
SNORA72,ENSCAFG00845023914,22:51202467:51202598:1
Y_RNA,ENSCAFG00845027946,22:55441207:55441312:-1
U6,ENSCAFG00845027956,22:55858898:55859005:1
U4,ENSCAFG00845028596,22:57853803:57853965:1
U6,ENSCAFG00845028603,22:58733402:58733510:-1
U2,ENSCAFG00845020304,22:59170509:59170586:1
U4,ENSCAFG00845024232,22:61212487:61212570:1
U6,ENSCAFG00845026569,22:61284878:61284982:1
U6,ENSCAFG00845026689,22:61344038:61344142:1
U6,ENSCAFG00845028396,23:747594:747690:1
U6,ENSCAFG00845028588,23:1404177:1404280:1
U4,ENSCAFG00845028683,23:1610600:1610691:1
U4,ENSCAFG00845028979,23:1717411:1717537:1
U6,ENSCAFG00845029198,23:1945341:1945448:-1
U4,ENSCAFG00845019709,23:2351208:2351399:1
MIR138-1,ENSCAFG00845019827,23:2472853:2472931:-1
U4,ENSCAFG00845020220,23:2905106:2905295:-1
U6,ENSCAFG00845024722,23:4311813:4311922:-1
U6,ENSCAFG00845024968,23:5067919:5068024:-1
U6,ENSCAFG00845025023,23:5653196:5653298:-1
U4,ENSCAFG00845025036,23:5677598:5677734:-1
MIR128-2,ENSCAFG00845025627,23:6106241:6106325:1
MIR26A1,ENSCAFG00845029173,23:8036032:8036109:1
U6,ENSCAFG00845030501,23:9050291:9050395:1
SNORA62,ENSCAFG00845016211,23:9357743:9357893:1
SNORA62,ENSCAFG00845016233,23:9360313:9360468:1
U6,ENSCAFG00845022476,23:13340603:13340701:1
U6,ENSCAFG00845022493,23:13647693:13647798:-1
U6,ENSCAFG00845022746,23:14100114:14100221:1
U2,ENSCAFG00845023775,23:15391905:15391993:-1
U6,ENSCAFG00845026253,23:17216690:17216797:-1
U6,ENSCAFG00845020215,23:21905296:21905405:1
U4,ENSCAFG00845021463,23:24070697:24070837:-1
U4,ENSCAFG00845021621,23:25046642:25046789:-1
U6,ENSCAFG00845022302,23:26134472:26134579:-1
U6,ENSCAFG00845027116,23:27722566:27722673:-1
SNORA70,ENSCAFG00845027127,23:27791454:27791588:-1
U6,ENSCAFG00845027624,23:28068794:28068898:-1
U6,ENSCAFG00845029224,23:29854806:29854913:-1
U6,ENSCAFG00845029725,23:30657420:30657524:1
U4,ENSCAFG00845029734,23:30725397:30725530:-1
U7,ENSCAFG00845020977,23:33243853:33243915:-1
U6,ENSCAFG00845022733,23:33533655:33533758:1
SNORA62,ENSCAFG00845022841,23:33868261:33868408:1
Y_RNA,ENSCAFG00845024634,23:35175689:35175791:1
U6,ENSCAFG00845029294,23:39676516:39676623:-1
U2,ENSCAFG00845020021,23:40672589:40672698:1
U6,ENSCAFG00845020237,23:41258682:41258779:-1
U4,ENSCAFG00845020936,23:41923343:41923474:-1
U6,ENSCAFG00845021362,23:42288999:42289102:-1
U6,ENSCAFG00845022056,23:43811984:43812090:-1
U6,ENSCAFG00845022068,23:44135534:44135641:1
U4,ENSCAFG00845024608,23:45644106:45644275:1
U6,ENSCAFG00845027971,23:47598971:47599078:-1
U6,ENSCAFG00845020209,23:48595671:48595771:1
U6,ENSCAFG00845022330,23:50208161:50208266:-1
U6,ENSCAFG00845022340,23:50222394:50222503:1
U6,ENSCAFG00845024545,23:52267570:52267679:1
U2,ENSCAFG00845024565,23:52503447:52503544:-1
U4,ENSCAFG00845025121,23:52702983:52703130:1
U6,ENSCAFG00845028345,24:2909991:2910095:-1
SNORD17,ENSCAFG00845017628,24:5500667:5500905:1
U4,ENSCAFG00845022082,24:9382759:9382935:-1
SNORA70,ENSCAFG00845026734,24:13842873:13843008:1
U4,ENSCAFG00845013797,24:17755934:17756127:1
U6,ENSCAFG00845017318,24:19416130:19416235:-1
U6,ENSCAFG00845017778,24:19737984:19738091:-1
U6,ENSCAFG00845018317,24:19786138:19786245:-1
U6,ENSCAFG00845018334,24:19834325:19834432:-1
U6,ENSCAFG00845018484,24:19926677:19926784:-1
U6,ENSCAFG00845018560,24:19993238:19993342:-1
U6,ENSCAFG00845018568,24:20041357:20041464:-1
U6,ENSCAFG00845018588,24:20095616:20095723:-1
U6,ENSCAFG00845015641,24:20945393:20945500:-1
U6,ENSCAFG00845017660,24:21454252:21454348:-1
U6,ENSCAFG00845023845,24:23178655:23178762:1
U6,ENSCAFG00845025348,24:23610017:23610124:1
U6,ENSCAFG00845025528,24:23658765:23658872:1
U6,ENSCAFG00845025881,24:23930848:23930954:-1
U6,ENSCAFG00845015802,24:24135674:24135782:-1
U4,ENSCAFG00845015808,24:24149473:24149592:-1
U4,ENSCAFG00845016062,24:24292984:24293100:-1
U4,ENSCAFG00845016074,24:24297365:24297507:-1
U6,ENSCAFG00845023370,24:25501962:25502069:1
SNORA71,ENSCAFG00845029231,24:27615420:27615553:-1
SNORA71,ENSCAFG00845029237,24:27616810:27616944:-1
SNORA71,ENSCAFG00845029245,24:27628599:27628726:1
SNORA71,ENSCAFG00845029254,24:27630013:27630146:1
U6,ENSCAFG00845029639,24:27662219:27662326:-1
U6,ENSCAFG00845013322,24:32081261:32081365:-1
U4,ENSCAFG00845013362,24:32196141:32196273:-1
PKIG,ENSCAFG00845013879,24:32696490:32790234:1
U4,ENSCAFG00845014382,24:33255690:33255774:1
SNORD12C,ENSCAFG00845024856,24:36661928:36662019:1
SNORD12B,ENSCAFG00845024871,24:36663731:36663822:1
SNORD12,ENSCAFG00845024887,24:36664161:36664255:1
U6,ENSCAFG00845029545,24:42526723:42526830:-1
U2,ENSCAFG00845029624,24:42745396:42745535:1
U2,ENSCAFG00845029627,24:42847412:42847552:1
U6,ENSCAFG00845015655,24:45447899:45448006:1
U6,ENSCAFG00845024128,25:768907:769010:-1
U4,ENSCAFG00845029337,25:6125628:6125787:1
U2,ENSCAFG00845021790,25:9416671:9416764:1
U4,ENSCAFG00845021840,25:9502801:9502965:1
U6,ENSCAFG00845022059,25:9687606:9687712:-1
U6,ENSCAFG00845022758,25:10541605:10541706:-1
U3,ENSCAFG00845023004,25:11329261:11329337:1
U3,ENSCAFG00845025472,25:12012380:12012595:1
U6,ENSCAFG00845026078,25:12918818:12918910:-1
U6,ENSCAFG00845017759,25:13866213:13866313:-1
U6,ENSCAFG00845020983,25:17060089:17060196:-1
U6,ENSCAFG00845023316,25:17719694:17719802:-1
U4,ENSCAFG00845023688,25:18335365:18335531:1
U6,ENSCAFG00845025075,25:18963259:18963357:-1
U2,ENSCAFG00845025249,25:19141059:19141202:-1
U6,ENSCAFG00845026090,25:19849058:19849154:-1
U6,ENSCAFG00845028432,25:20996712:20996820:-1
U6,ENSCAFG00845028605,25:21579472:21579578:-1
U6,ENSCAFG00845028667,25:22190617:22190720:-1
U6,ENSCAFG00845028746,25:22432171:22432278:1
U4,ENSCAFG00845017404,25:24452101:24452269:-1
U6,ENSCAFG00845018407,25:25678208:25678313:1
SNORA72,ENSCAFG00845018541,25:26114546:26114679:-1
MIR124-1,ENSCAFG00845020727,25:28342721:28342806:1
U2,ENSCAFG00845022361,25:29154669:29154851:-1
U4,ENSCAFG00845010241,25:30099091:30099176:-1
5S_rRNA,ENSCAFG00845014371,25:32292403:32292522:-1
U4,ENSCAFG00845014392,25:32505468:32505644:1
U6,ENSCAFG00845015795,25:33850379:33850483:-1
MIR320A,ENSCAFG00845025049,25:35228140:35228218:1
5S_rRNA,ENSCAFG00845028957,25:35988896:35989015:-1
U6,ENSCAFG00845028971,25:36918457:36918561:1
U2,ENSCAFG00845029612,25:37591438:37591606:-1
U6,ENSCAFG00845014554,25:37642076:37642183:1
U12,ENSCAFG00845014679,25:37867172:37867322:-1
U4,ENSCAFG00845015068,25:39440595:39440679:1
SNORA70,ENSCAFG00845015207,25:40039399:40039528:1
SNORA75,ENSCAFG00845023817,25:43589454:43589589:-1
SNORD82,ENSCAFG00845023850,25:43593924:43593990:-1
U6,ENSCAFG00845024584,25:43932880:43932986:1
U4,ENSCAFG00845025186,25:44177788:44177923:1
U8,ENSCAFG00845026014,25:45854594:45854728:1
SNORA70,ENSCAFG00845024929,26:204833:204967:1
SNORA71,ENSCAFG00845025015,26:293219:293350:-1
U4,ENSCAFG00845027225,26:582933:583077:1
U6,ENSCAFG00845027644,26:657147:657254:1
U6,ENSCAFG00845029170,26:1225552:1225657:-1
U6,ENSCAFG00845029195,26:1475321:1475426:1
U6,ENSCAFG00845030156,26:2819424:2819528:1
U6,ENSCAFG00845025928,26:7866444:7866546:1
U6,ENSCAFG00845027559,26:8342549:8342654:-1
U6,ENSCAFG00845027570,26:8379064:8379171:-1
U6,ENSCAFG00845019589,26:9608884:9608988:-1
U6,ENSCAFG00845019903,26:9821163:9821271:-1
U6,ENSCAFG00845024914,26:12093214:12093321:1
U6,ENSCAFG00845025718,26:13525713:13525817:-1
U6,ENSCAFG00845026683,26:13998139:13998246:-1
Metazoa_SRP,ENSCAFG00845029416,26:16338988:16339279:-1
U4,ENSCAFG00845029631,26:16438623:16438736:1
U4,ENSCAFG00845029640,26:16491222:16491363:-1
U4,ENSCAFG00845029647,26:16491977:16492118:-1
U4,ENSCAFG00845020794,26:17495813:17495898:1
U6,ENSCAFG00845030196,26:22523364:22523472:1
U6,ENSCAFG00845030890,26:23549969:23550076:-1
SNORA70,ENSCAFG00845025052,26:24932748:24932882:1
U6,ENSCAFG00845021360,26:29112088:29112195:-1
U6,ENSCAFG00845029933,26:31288666:31288773:1
U6,ENSCAFG00845026350,26:32408978:32409085:-1
U6,ENSCAFG00845027096,26:33462878:33462984:-1
U6,ENSCAFG00845029091,26:38768367:38768475:-1
MIR196A2,ENSCAFG00845018320,27:1274355:1274465:-1
U2,ENSCAFG00845028054,27:3236295:3236418:-1
U4,ENSCAFG00845014538,27:3323595:3323718:-1
U6,ENSCAFG00845020329,27:5220838:5220948:1
U6,ENSCAFG00845020345,27:5261771:5261878:1
U6,ENSCAFG00845020992,27:5452140:5452231:-1
SNORA2B,ENSCAFG00845025243,27:5885056:5885193:1
SNORA2C,ENSCAFG00845025274,27:5895226:5895362:1
U1,ENSCAFG00845030497,27:12222254:12222419:1
U3,ENSCAFG00845030654,27:13218210:13218416:-1
U6,ENSCAFG00845030725,27:14097318:14097432:1
U6,ENSCAFG00845016077,27:16004114:16004221:-1
U6,ENSCAFG00845016308,27:16225231:16225337:-1
U4,ENSCAFG00845018348,27:16958230:16958396:-1
U4,ENSCAFG00845018437,27:17193320:17193403:-1
U4,ENSCAFG00845019087,27:17677050:17677214:1
U6,ENSCAFG00845022527,27:19240442:19240538:-1
U6,ENSCAFG00845022541,27:19355700:19355805:1
U6,ENSCAFG00845022905,27:19478240:19478352:-1
U2,ENSCAFG00845025370,27:20835647:20835759:-1
U2,ENSCAFG00845026585,27:22080412:22080557:1
U6,ENSCAFG00845013460,27:22616649:22616756:1
U6,ENSCAFG00845013783,27:23169567:23169667:-1
U6,ENSCAFG00845015961,27:27347823:27347926:1
U2,ENSCAFG00845015976,27:27463489:27463738:1
U2,ENSCAFG00845016671,27:28112763:28112955:-1
U2,ENSCAFG00845019126,27:30323457:30323662:1
U6,ENSCAFG00845019168,27:30469702:30469807:-1
U6,ENSCAFG00845025089,27:35165404:35165509:1
U2,ENSCAFG00845028410,27:36927360:36927551:1
U6,ENSCAFG00845029299,27:37288458:37288562:-1
U6,ENSCAFG00845029637,27:37415830:37415933:-1
U6,ENSCAFG00845029739,27:37534812:37534915:-1
SNORA70,ENSCAFG00845023119,27:37950790:37950924:-1
U7,ENSCAFG00845026372,27:38455969:38456031:-1
SNORA70,ENSCAFG00845025409,27:42332941:42333075:1
U2,ENSCAFG00845028131,27:43085845:43086031:-1
U6,ENSCAFG00845028969,27:43363200:43363298:-1
U6,ENSCAFG00845029450,27:43586814:43586919:1
U4,ENSCAFG00845029556,27:44105960:44106045:-1
Y_RNA,ENSCAFG00845030662,27:45240761:45240862:-1
U2,ENSCAFG00845030664,27:45357031:45357219:1
SNORA74,ENSCAFG00845023426,28:1965906:1966105:1
U6,ENSCAFG00845023746,28:2019699:2019806:-1
U6,ENSCAFG00845026125,28:2111068:2111175:-1
U6,ENSCAFG00845026819,28:3013275:3013382:-1
U6,ENSCAFG00845029420,28:6155101:6155210:1
U4,ENSCAFG00845019215,28:7873488:7873631:-1
U6,ENSCAFG00845026197,28:9862065:9862162:1
U6,ENSCAFG00845026805,28:9984806:9984910:-1
U6,ENSCAFG00845027816,28:10615320:10615425:1
U6,ENSCAFG00845030737,28:12060335:12060437:1
U2,ENSCAFG00845019449,28:14129928:14130060:-1
U6,ENSCAFG00845021398,28:14852198:14852303:-1
U6,ENSCAFG00845022695,28:14922364:14922466:-1
MIR146B,ENSCAFG00845024427,28:15414566:15414627:1
MIR1307,ENSCAFG00845027297,28:16242152:16242232:-1
MIR8816,ENSCAFG00845027897,28:16393410:16393541:1
U4,ENSCAFG00845028182,28:16489166:16489299:1
U1,ENSCAFG00845026473,28:18057100:18057265:-1
U6,ENSCAFG00845026506,28:18571677:18571784:-1
U4,ENSCAFG00845026543,28:19060140:19060299:1
U4,ENSCAFG00845027650,28:20422033:20422179:1
U4,ENSCAFG00845029024,28:22637077:22637232:1
U2,ENSCAFG00845030978,28:27525844:27525977:1
U6,ENSCAFG00845031059,28:28721385:28721490:-1
U6,ENSCAFG00845026299,28:35277061:35277167:-1
U6,ENSCAFG00845027563,28:36448214:36448319:1
U6,ENSCAFG00845027572,28:36515863:36515970:1
MIR8817,ENSCAFG00845028204,28:38225691:38225817:-1
U4,ENSCAFG00845028700,29:2231290:2231417:-1
U6,ENSCAFG00845029204,29:3104276:3104378:1
U4,ENSCAFG00845029384,29:4124522:4124713:-1
U6,ENSCAFG00845024040,29:4451927:4452031:1
U6,ENSCAFG00845026082,29:5806192:5806299:-1
SNORD115,ENSCAFG00845026210,29:6588223:6588290:-1
SNORD54,ENSCAFG00845027117,29:7563371:7563438:-1
U6,ENSCAFG00845020267,29:16535833:16535940:1
U6,ENSCAFG00845022623,29:17306788:17306895:-1
U6,ENSCAFG00845024379,29:18487393:18487501:1
SNORA72,ENSCAFG00845026123,29:19447891:19448023:-1
SNORA63,ENSCAFG00845027030,29:20914174:20914306:1
U6,ENSCAFG00845027969,29:21814274:21814379:-1
U6,ENSCAFG00845028058,29:21964104:21964211:-1
Metazoa_SRP,ENSCAFG00845028701,29:22345052:22345327:-1
U6,ENSCAFG00845028781,29:22427443:22427550:1
U6,ENSCAFG00845028828,29:22565082:22565185:-1
MIR2052,ENSCAFG00845029187,29:23229862:23229917:1
U6,ENSCAFG00845029310,29:23571193:23571301:1
U6,ENSCAFG00845029362,29:24717003:24717113:1
U6,ENSCAFG00845029498,29:25807346:25807449:-1
U6,ENSCAFG00845029511,29:26321801:26321907:-1
U4,ENSCAFG00845029519,29:26333575:26333711:-1
U6,ENSCAFG00845029646,29:27085436:27085539:1
U6,ENSCAFG00845029712,29:27317299:27317402:-1
U2,ENSCAFG00845014742,29:28159725:28159832:-1
U6,ENSCAFG00845014854,29:28681799:28681906:-1
U2,ENSCAFG00845015531,29:29318929:29319087:1
U4,ENSCAFG00845015580,29:29462046:29462178:-1
U4,ENSCAFG00845015596,29:29568357:29568514:-1
U4,ENSCAFG00845017553,29:32540143:32540278:1
U6,ENSCAFG00845017994,29:32773391:32773488:-1
U6,ENSCAFG00845018855,29:34605738:34605839:1
U4,ENSCAFG00845020153,29:36318254:36318385:-1
U6,ENSCAFG00845022101,29:38634159:38634263:-1
5S_rRNA,ENSCAFG00845015251,29:39477160:39477280:-1
U2,ENSCAFG00845015467,29:39595900:39596089:1
U6,ENSCAFG00845017402,29:41728333:41728440:1
U1,ENSCAFG00845000542,3:4600259:4600409:1
U4,ENSCAFG00845000549,3:5117703:5117843:1
U12,ENSCAFG00845000559,3:6550628:6550778:1
U6,ENSCAFG00845000567,3:6554562:6554665:1
U6,ENSCAFG00845000574,3:6569771:6569877:1
U4,ENSCAFG00845000591,3:6952063:6952211:1
U6,ENSCAFG00845001797,3:8220363:8220470:1
U6,ENSCAFG00845002078,3:8907014:8907112:-1
U4,ENSCAFG00845002087,3:8941959:8942114:-1
U6,ENSCAFG00845002181,3:11134810:11134917:1
U4,ENSCAFG00845002290,3:12212034:12212181:1
U6,ENSCAFG00845002987,3:12842758:12842863:-1
U6,ENSCAFG00845003159,3:13234506:13234615:-1
SNORA62,ENSCAFG00845013842,3:13714539:13714692:-1
Y_RNA,ENSCAFG00845014603,3:14418907:14419016:1
U6,ENSCAFG00845015681,3:16240594:16240705:-1
U6,ENSCAFG00845015713,3:16815021:16815122:1
U1,ENSCAFG00845015867,3:17265027:17265192:1
U6,ENSCAFG00845016028,3:17617261:17617368:-1
U6,ENSCAFG00845016038,3:17693250:17693357:1
U4,ENSCAFG00845016527,3:18091114:18091289:1
MIR9-2,ENSCAFG00845018000,3:19906488:19906575:1
U4,ENSCAFG00845018470,3:20462568:20462692:1
U2,ENSCAFG00845019672,3:22538791:22538903:-1
U6,ENSCAFG00845019789,3:22856575:22856682:1
U6,ENSCAFG00845020674,3:24604862:24604968:-1
U6,ENSCAFG00845007293,3:27643323:27643427:-1
U6,ENSCAFG00845007980,3:28062830:28062934:1
U6,ENSCAFG00845008067,3:28185601:28185708:1
SNORA47,ENSCAFG00845009875,3:29548021:29548159:1
U6,ENSCAFG00845010250,3:29740975:29741080:-1
U6,ENSCAFG00845010905,3:30017338:30017443:1
U6,ENSCAFG00845011178,3:30642935:30643040:1
U2,ENSCAFG00845011809,3:30815613:30815791:1
U6,ENSCAFG00845012356,3:31010087:31010189:-1
U6,ENSCAFG00845017953,3:34084926:34085029:-1
SNORD115,ENSCAFG00845018930,3:35943807:35943887:-1
SNORD115,ENSCAFG00845018944,3:35945449:35945530:-1
SNORD115,ENSCAFG00845018954,3:35947638:35947719:-1
SNORD115,ENSCAFG00845018964,3:35948748:35948825:-1
SNORD115,ENSCAFG00845018984,3:35950394:35950464:-1
SNORD115,ENSCAFG00845018996,3:35952031:35952112:-1
SNORD115,ENSCAFG00845019007,3:35957518:35957598:-1
SNORD116,ENSCAFG00845019069,3:36073714:36073808:-1
SNORD116,ENSCAFG00845019077,3:36076664:36076759:-1
SNORD116,ENSCAFG00845019089,3:36079717:36079812:-1
SNORD116,ENSCAFG00845019104,3:36082771:36082861:-1
SNORD116,ENSCAFG00845019123,3:36084980:36085075:-1
SNORD116,ENSCAFG00845019130,3:36088124:36088219:-1
SNORD116,ENSCAFG00845019140,3:36091241:36091336:-1
SNORD116,ENSCAFG00845019156,3:36094371:36094466:-1
SNORD116,ENSCAFG00845019173,3:36097474:36097569:-1
SNORD116,ENSCAFG00845019188,3:36100603:36100698:-1
SNORD116,ENSCAFG00845019203,3:36103720:36103815:-1
SNORD116,ENSCAFG00845019217,3:36107084:36107179:-1
SNORD116,ENSCAFG00845019236,3:36110054:36110149:-1
SNORD116,ENSCAFG00845019251,3:36113095:36113190:-1
SNORD116,ENSCAFG00845019270,3:36116060:36116155:-1
SNORD116,ENSCAFG00845019285,3:36119030:36119125:-1
SNORD108,ENSCAFG00845019375,3:36200174:36200246:-1
SNORD107,ENSCAFG00845019403,3:36205459:36205531:-1
U4,ENSCAFG00845019787,3:37193023:37193146:1
U6,ENSCAFG00845020487,3:37697261:37697368:1
MIR211,ENSCAFG00845021272,3:38256437:38256537:1
U6,ENSCAFG00845000606,3:39765398:39765505:-1
U6,ENSCAFG00845001947,3:44434587:44434693:1
Y_RNA,ENSCAFG00845002115,3:44500954:44501052:1
U6,ENSCAFG00845002286,3:46579679:46579750:-1
U6,ENSCAFG00845002846,3:48278213:48278320:-1
MIR9-3,ENSCAFG00845000227,3:52827726:52827816:1
U6,ENSCAFG00845002167,3:53735380:53735472:-1
U6,ENSCAFG00845002621,3:54134445:54134552:-1
U3,ENSCAFG00845003428,3:54666153:54666284:-1
U6,ENSCAFG00845003504,3:54768927:54769034:-1
U4,ENSCAFG00845004721,3:56212716:56212863:1
U4,ENSCAFG00845010108,3:60610979:60611064:-1
U6,ENSCAFG00845010602,3:60928045:60928139:1
U6,ENSCAFG00845012100,3:61925539:61925653:-1
U2,ENSCAFG00845013419,3:62819961:62820127:1
U2,ENSCAFG00845001260,3:64800495:64800685:-1
U6,ENSCAFG00845001265,3:64810875:64810978:1
U6,ENSCAFG00845002184,3:66176164:66176270:-1
U4,ENSCAFG00845004710,3:73886013:73886150:1
U6,ENSCAFG00845005492,3:78760494:78760601:1
U6,ENSCAFG00845005496,3:79903882:79903986:-1
U1,ENSCAFG00845005594,3:81912809:81912973:-1
U6,ENSCAFG00845005604,3:82617824:82617923:1
SNORA62,ENSCAFG00845005612,3:83999660:83999808:-1
U4,ENSCAFG00845031110,30:2147260:2147379:1
U6,ENSCAFG00845026549,30:6067598:6067705:-1
U6,ENSCAFG00845026560,30:6841250:6841357:1
U6,ENSCAFG00845026953,30:7150852:7150959:-1
U6,ENSCAFG00845026961,30:7256487:7256594:1
U4,ENSCAFG00845029280,30:8340010:8340143:1
U4,ENSCAFG00845029528,30:8427367:8427507:1
U6,ENSCAFG00845029567,30:8481271:8481378:1
U6,ENSCAFG00845029644,30:8559942:8560051:-1
U6,ENSCAFG00845018457,30:9383872:9383971:-1
U6,ENSCAFG00845018819,30:9438529:9438629:1
U4,ENSCAFG00845019717,30:9479696:9479854:1
U5,ENSCAFG00845022857,30:10324316:10324401:-1
U6,ENSCAFG00845026867,30:10702318:10702425:1
Metazoa_SRP,ENSCAFG00845030746,30:11761241:11761352:-1
U6,ENSCAFG00845030747,30:11762844:11762948:1
U6,ENSCAFG00845030828,30:12962710:12962812:-1
U6,ENSCAFG00845021539,30:15251236:15251341:-1
U6,ENSCAFG00845024035,30:16561747:16561849:1
Metazoa_SRP,ENSCAFG00845027950,30:18545729:18546026:1
U6,ENSCAFG00845027967,30:18727931:18728036:-1
U6,ENSCAFG00845028423,30:19796163:19796275:-1
U6,ENSCAFG00845028433,30:19945065:19945171:1
U6,ENSCAFG00845029815,30:22381673:22381768:-1
U6,ENSCAFG00845015222,30:23595606:23595709:1
U4,ENSCAFG00845015785,30:23981026:23981138:1
U6,ENSCAFG00845019457,30:27073388:27073486:1
U6,ENSCAFG00845022041,30:28687919:28688024:-1
U6,ENSCAFG00845023058,30:28884708:28884816:-1
U6,ENSCAFG00845023077,30:28932955:28933059:1
U5,ENSCAFG00845025198,30:29851058:29851177:1
U5,ENSCAFG00845025218,30:29858659:29858775:1
SNORD18,ENSCAFG00845015671,30:30964767:30964837:-1
SNORD18,ENSCAFG00845015683,30:30965678:30965750:-1
SNORD16,ENSCAFG00845015692,30:30966201:30966300:-1
SNORD18,ENSCAFG00845015707,30:30966644:30966716:-1
U6,ENSCAFG00845018150,30:32149006:32149113:-1
U6,ENSCAFG00845019853,30:32996954:32997061:-1
U6,ENSCAFG00845019894,30:33139224:33139325:-1
U2,ENSCAFG00845020592,30:33284231:33284422:1
SNORA62,ENSCAFG00845022865,30:34946962:34947117:-1
U6,ENSCAFG00845023342,30:35747213:35747317:1
U6,ENSCAFG00845025473,30:36166486:36166594:-1
MIR631,ENSCAFG00845019666,30:38421862:38421930:-1
U4,ENSCAFG00845024229,30:39947882:39948022:-1
U6,ENSCAFG00845024259,30:39971662:39971768:1
U6,ENSCAFG00845026280,31:1693432:1693531:-1
U6,ENSCAFG00845018966,31:2129714:2129820:1
Metazoa_SRP,ENSCAFG00845019535,31:6414283:6414561:-1
U1,ENSCAFG00845019695,31:7347704:7347866:1
U6,ENSCAFG00845020643,31:8306978:8307076:1
U6,ENSCAFG00845020754,31:9422647:9422750:1
U6,ENSCAFG00845023409,31:11936461:11936570:1
SNORA62,ENSCAFG00845023523,31:11954240:11954393:-1
MIR125B2,ENSCAFG00845024575,31:13334429:13334518:1
U6,ENSCAFG00845024591,31:13712978:13713083:1
U6,ENSCAFG00845024604,31:13721364:13721468:1
U6,ENSCAFG00845025584,31:14729973:14730082:-1
U6,ENSCAFG00845025624,31:15069210:15069315:1
U6,ENSCAFG00845025674,31:15959269:15959374:1
U6,ENSCAFG00845026083,31:17304151:17304253:-1
U6,ENSCAFG00845014758,31:21175387:21175494:1
U6,ENSCAFG00845017633,31:21459741:21459845:-1
U6,ENSCAFG00845017932,31:21994230:21994337:-1
U3,ENSCAFG00845018210,31:22727567:22727775:-1
U6,ENSCAFG00845022684,31:26634212:26634313:-1
U4,ENSCAFG00845026136,31:27457800:27457933:1
U4,ENSCAFG00845026151,31:27535468:27535613:1
SNORA70,ENSCAFG00845025527,31:28643663:28643797:-1
U6,ENSCAFG00845025807,31:29047563:29047664:-1
U6,ENSCAFG00845026401,31:29781669:29781774:-1
U6,ENSCAFG00845028508,31:31591318:31591421:1
U6,ENSCAFG00845028515,31:31665059:31665163:-1
U2,ENSCAFG00845028688,31:31752812:31753002:-1
U6,ENSCAFG00845028699,31:31756184:31756292:-1
U4,ENSCAFG00845029551,31:33602770:33602883:1
Y_RNA,ENSCAFG00845030007,31:34500819:34500921:-1
U8,ENSCAFG00845030015,31:35148715:35148851:-1
U4,ENSCAFG00845027690,31:39440427:39440569:-1
U1,ENSCAFG00845029050,32:465064:465226:-1
U6,ENSCAFG00845030442,32:1038276:1038383:-1
U6,ENSCAFG00845015400,32:1703978:1704082:-1
U6,ENSCAFG00845016826,32:3981172:3981274:-1
U6,ENSCAFG00845017607,32:4304572:4304679:1
U4,ENSCAFG00845018654,32:5713428:5713559:-1
U6,ENSCAFG00845020703,32:6786867:6786971:-1
U6,ENSCAFG00845021954,32:7511924:7512030:1
U4,ENSCAFG00845022533,32:8820152:8820290:-1
U6,ENSCAFG00845022717,32:9120265:9120372:1
U6,ENSCAFG00845022775,32:9172641:9172748:1
U6,ENSCAFG00845024132,32:9828382:9828485:1
U6,ENSCAFG00845024977,32:10413589:10413697:-1
U1,ENSCAFG00845015199,32:10826418:10826583:-1
U6,ENSCAFG00845015718,32:11070303:11070409:1
U2,ENSCAFG00845015816,32:11138007:11138148:1
U6,ENSCAFG00845017885,32:12001564:12001671:1
U6,ENSCAFG00845018167,32:12020371:12020478:-1
SNORD24,ENSCAFG00845019790,32:13511939:13512014:-1
U4,ENSCAFG00845020035,32:13924175:13924312:-1
U6,ENSCAFG00845020424,32:16318057:16318163:1
U4,ENSCAFG00845022440,32:18324949:18325094:-1
U6,ENSCAFG00845022923,32:20463299:20463399:1
U2,ENSCAFG00845027355,32:25063111:25063256:1
U6,ENSCAFG00845027366,32:25211203:25211310:1
U6,ENSCAFG00845027401,32:25318924:25319031:-1
U4,ENSCAFG00845029756,32:29411334:29411466:-1
U6,ENSCAFG00845029965,32:30149425:30149529:1
U2,ENSCAFG00845030084,32:30284102:30284209:1
U6,ENSCAFG00845016100,32:31497607:31497714:-1
U6,ENSCAFG00845016238,32:32199437:32199544:1
U6,ENSCAFG00845028272,32:33081151:33081257:-1
U6,ENSCAFG00845029598,32:37563015:37563122:-1
U4,ENSCAFG00845029703,32:37881379:37881466:-1
U4,ENSCAFG00845030559,33:1153259:1153396:1
U6,ENSCAFG00845014782,33:2319719:2319826:-1
U6,ENSCAFG00845014790,33:2829242:2829349:-1
U6,ENSCAFG00845014822,33:3154293:3154391:-1
U1,ENSCAFG00845014824,33:3543349:3543512:-1
U6,ENSCAFG00845014830,33:3562329:3562436:-1
U6,ENSCAFG00845014834,33:3672733:3672838:1
U2,ENSCAFG00845014888,33:4168686:4168879:1
U4,ENSCAFG00845015869,33:5325194:5325347:-1
U6,ENSCAFG00845018574,33:7192317:7192421:-1
U4,ENSCAFG00845021470,33:8144713:8144851:-1
U6,ENSCAFG00845022096,33:8301840:8301947:-1
U3,ENSCAFG00845027544,33:16168204:16168340:1
U3,ENSCAFG00845027562,33:16249287:16249425:1
U4,ENSCAFG00845027727,33:16615661:16615827:1
SNORD16,ENSCAFG00845030515,33:18394293:18394392:1
U6,ENSCAFG00845016476,33:23308351:23308457:1
U3,ENSCAFG00845017806,33:23848166:23848246:-1
U6,ENSCAFG00845020283,33:24716224:24716332:1
U6,ENSCAFG00845022351,33:25393910:25394018:-1
U6,ENSCAFG00845024827,33:26073799:26073898:-1
U6,ENSCAFG00845027612,33:28204773:28204874:-1
U6,ENSCAFG00845029151,33:29164316:29164423:1
U6,ENSCAFG00845030067,33:29787995:29788102:1
U6,ENSCAFG00845030645,33:30276689:30276790:-1
U1,ENSCAFG00845030773,33:30932120:30932282:1
U6,ENSCAFG00845030904,33:31551452:31551558:1
U6,ENSCAFG00845014879,34:104241:104345:-1
U4,ENSCAFG00845014973,34:213083:213223:1
U6,ENSCAFG00845021003,34:3488860:3488967:1
U6,ENSCAFG00845021154,34:3625543:3625641:-1
SNORD123,ENSCAFG00845022157,34:4518554:4518623:-1
U6,ENSCAFG00845023774,34:7011817:7011923:1
U2,ENSCAFG00845024133,34:7326805:7326996:-1
U6,ENSCAFG00845024520,34:8672847:8672952:-1
U3,ENSCAFG00845028031,34:11719730:11719835:-1
U2,ENSCAFG00845018586,34:13352430:13352589:-1
U6,ENSCAFG00845019177,34:13822831:13822933:1
U6,ENSCAFG00845019201,34:13967520:13967625:-1
SNORA72,ENSCAFG00845020306,34:15419453:15419563:1
U6,ENSCAFG00845021208,34:15839318:15839424:-1
SNORA63,ENSCAFG00845022497,34:16303993:16304124:1
SNORA63,ENSCAFG00845022529,34:16305095:16305226:1
U6,ENSCAFG00845019419,34:18677501:18677605:-1
SNORA63,ENSCAFG00845021724,34:19269942:19270074:1
U6,ENSCAFG00845026213,34:25193506:25193613:-1
U6,ENSCAFG00845026752,34:25863195:25863302:1
MIR15B,ENSCAFG00845027710,34:26517308:26517405:1
MIR16-2,ENSCAFG00845027723,34:26517470:26517535:1
SCARNA7,ENSCAFG00845028086,34:26623986:26624312:-1
U6,ENSCAFG00845028666,34:27203722:27203829:1
U1,ENSCAFG00845017396,34:29319374:29319502:-1
U6,ENSCAFG00845017582,34:29719370:29719477:1
U6,ENSCAFG00845017600,34:30274292:30274396:-1
U6,ENSCAFG00845017617,34:30285800:30285908:1
U2,ENSCAFG00845018458,34:32031481:32031669:1
U2,ENSCAFG00845018707,34:32386908:32387061:1
U6,ENSCAFG00845019708,34:32836124:32836229:-1
U6,ENSCAFG00845023017,34:35178010:35178120:-1
MIR569,ENSCAFG00845024684,34:35548818:35548914:-1
U6,ENSCAFG00845025511,34:36378158:36378262:-1
U6,ENSCAFG00845015411,34:40343774:40343878:-1
U4,ENSCAFG00845015421,34:40434393:40434547:-1
U6,ENSCAFG00845015710,35:102811:102915:-1
U6,ENSCAFG00845018030,35:3699413:3699527:1
U6,ENSCAFG00845017409,35:7597688:7597964:1
U6,ENSCAFG00845017512,35:7630586:7630694:1
U6,ENSCAFG00845021032,35:11480152:11480261:1
U2,ENSCAFG00845024247,35:15152783:15152974:-1
U6,ENSCAFG00845024618,35:15979556:15979663:-1
U6,ENSCAFG00845028824,35:17113501:17113608:-1
U4,ENSCAFG00845017789,35:22076715:22076840:1
U4,ENSCAFG00845018036,35:22551135:22551305:-1
SNORD22,ENSCAFG00845024309,35:23791539:23791645:1
U6,ENSCAFG00845017594,35:26179114:26179216:-1
SNORA70,ENSCAFG00845017818,35:26240977:26241111:-1
U1,ENSCAFG00845024679,36:597370:597534:1
U6,ENSCAFG00845025150,36:2186539:2186640:1
U6,ENSCAFG00845026466,36:4076281:4076388:-1
U6,ENSCAFG00845026563,36:4199154:4199261:-1
5S_rRNA,ENSCAFG00845028452,36:5486299:5486415:1
U6,ENSCAFG00845015016,36:9226441:9226551:-1
U6,ENSCAFG00845016623,36:10719203:10719310:-1
U6,ENSCAFG00845016833,36:11121670:11121748:1
U6,ENSCAFG00845023343,36:14333374:14333478:-1
U6,ENSCAFG00845026310,36:15550421:15550527:1
U6,ENSCAFG00845027237,36:15907604:15907707:1
U6,ENSCAFG00845028488,36:16513219:16513323:1
U6,ENSCAFG00845015908,36:18704785:18704892:1
U6,ENSCAFG00845018345,36:19279991:19280093:1
U1,ENSCAFG00845018433,36:19398553:19398708:1
U6,ENSCAFG00845026937,36:24054121:24054229:1
SNORD22,ENSCAFG00845015594,36:25678613:25678737:-1
Y_RNA,ENSCAFG00845015614,36:25853460:25853564:1
U6,ENSCAFG00845016187,36:26240421:26240528:-1
U6,ENSCAFG00845016919,36:27830079:27830186:1
U6,ENSCAFG00845016927,36:27897103:27897210:1
U6,ENSCAFG00845019699,36:30699090:30699202:-1
U6,ENSCAFG00845025466,37:1202136:1202241:-1
U6,ENSCAFG00845020722,37:3357222:3357322:1
U6,ENSCAFG00845027721,37:8280204:8280308:1
U6,ENSCAFG00845028213,37:9289383:9289480:1
U6,ENSCAFG00845029843,37:10133725:10133827:1
U6,ENSCAFG00845030158,37:10386230:10386338:-1
U4,ENSCAFG00845030732,37:10722065:10722263:-1
U6,ENSCAFG00845015066,37:11102431:11102538:1
U6,ENSCAFG00845015389,37:11255524:11255628:-1
U4,ENSCAFG00845016136,37:11738934:11739036:1
U6,ENSCAFG00845016382,37:12018247:12018350:-1
U2,ENSCAFG00845017909,37:12303724:12303905:-1
SNORD81,ENSCAFG00845017924,37:12309348:12309439:1
U6,ENSCAFG00845018513,37:13073374:13073474:1
U6,ENSCAFG00845019897,37:13963159:13963266:1
SNORA62,ENSCAFG00845019912,37:14112235:14112386:-1
U6,ENSCAFG00845023154,37:16373649:16373756:1
U2,ENSCAFG00845024383,37:17340744:17340946:1
U4,ENSCAFG00845030622,37:27213948:27214118:1
U6,ENSCAFG00845030627,37:27629053:27629161:1
Metazoa_SRP,ENSCAFG00845017566,37:28692104:28692385:1
U4,ENSCAFG00845017797,37:28936897:28937010:1
U12,ENSCAFG00845018591,37:30017564:30017711:-1
U6,ENSCAFG00845023598,38:1086055:1086143:-1
U6,ENSCAFG00845026041,38:1723330:1723433:1
MIR135B,ENSCAFG00845026690,38:1923381:1923470:-1
U6,ENSCAFG00845029844,38:3068022:3068130:-1
U6,ENSCAFG00845024201,38:4585906:4586013:-1
U6,ENSCAFG00845026021,38:8643867:8643974:-1
U6,ENSCAFG00845026037,38:9200475:9200573:1
U6,ENSCAFG00845027675,38:12166824:12166928:1
U6,ENSCAFG00845028388,38:14372084:14372191:-1
MIR194-1,ENSCAFG00845028941,38:14930880:14930938:-1
U6,ENSCAFG00845029998,38:15007855:15007962:1
U6,ENSCAFG00845030238,38:15904739:15904846:1
U6,ENSCAFG00845030291,38:16857356:16857461:-1
U6,ENSCAFG00845030311,38:16886832:16886936:1
U6,ENSCAFG00845030301,38:21741105:21741211:-1
U6,ENSCAFG00845017544,38:23439490:23439594:-1
U6,ENSCAFG00845019453,38:23977012:23977117:1
U4,ENSCAFG00845001953,4:148018:148182:-1
U6,ENSCAFG00845002135,4:443906:444024:1
U6,ENSCAFG00845002444,4:2665597:2665697:1
U6,ENSCAFG00845002542,4:3328196:3328308:1
U6,ENSCAFG00845003550,4:4880744:4880851:-1
U6,ENSCAFG00845001131,4:8882173:8882276:-1
U6,ENSCAFG00845001672,4:10057670:10057777:1
U6,ENSCAFG00845001734,4:10481401:10481508:1
5S_rRNA,ENSCAFG00845001741,4:10494020:10494139:1
5S_rRNA,ENSCAFG00845001749,4:10495832:10495951:1
5S_rRNA,ENSCAFG00845001756,4:10497641:10497760:1
5S_rRNA,ENSCAFG00845001761,4:10499455:10499574:1
5S_rRNA,ENSCAFG00845001770,4:10501242:10501361:1
5S_rRNA,ENSCAFG00845001776,4:10503770:10503888:1
5S_rRNA,ENSCAFG00845001783,4:10506256:10506375:1
5S_rRNA,ENSCAFG00845001789,4:10508082:10508201:1
5S_rRNA,ENSCAFG00845001795,4:10509882:10510001:1
5S_rRNA,ENSCAFG00845001799,4:10511703:10511822:1
5S_rRNA,ENSCAFG00845001809,4:10513507:10513626:1
5S_rRNA,ENSCAFG00845001818,4:10515328:10515447:1
5S_rRNA,ENSCAFG00845001828,4:10517141:10517260:1
5S_rRNA,ENSCAFG00845001838,4:10518963:10519082:1
5S_rRNA,ENSCAFG00845001846,4:10520789:10520908:1
5S_rRNA,ENSCAFG00845002046,4:11058025:11058144:-1
U6,ENSCAFG00845002435,4:12238915:12239019:-1
U6,ENSCAFG00845002855,4:13148571:13148671:-1
U2,ENSCAFG00845003071,4:13254711:13254902:-1
MIR1296,ENSCAFG00845000725,4:15444738:15444863:-1
U4,ENSCAFG00845000872,4:16713932:16714079:1
U4,ENSCAFG00845001042,4:19309400:19309520:1
U6,ENSCAFG00845001632,4:19530979:19531086:-1
U4,ENSCAFG00845002419,4:20020590:20020753:-1
U6,ENSCAFG00845002491,4:20159951:20160058:1
U4,ENSCAFG00845002730,4:20209781:20209915:1
SNORD98,ENSCAFG00845002741,4:20224245:20224310:1
U6,ENSCAFG00845002748,4:20274957:20275059:-1
U4,ENSCAFG00845003222,4:20451620:20451812:-1
U2,ENSCAFG00845004566,4:22612752:22612868:-1
U6,ENSCAFG00845004614,4:22863003:22863107:1
U6,ENSCAFG00845005757,4:23294792:23294894:-1
U6,ENSCAFG00845005987,4:23864941:23865048:-1
U6,ENSCAFG00845007088,4:24239692:24239797:-1
U6,ENSCAFG00845009812,4:24945720:24945827:-1
U6,ENSCAFG00845009851,4:25326138:25326242:-1
U6,ENSCAFG00845010752,4:26736145:26736252:1
U4,ENSCAFG00845010785,4:26950107:26950193:1
U4,ENSCAFG00845010794,4:26971481:26971565:1
U6,ENSCAFG00845013240,4:27931733:27931840:1
U6,ENSCAFG00845014200,4:28205353:28205458:-1
U6,ENSCAFG00845014252,4:28254729:28254836:1
U3,ENSCAFG00845015689,4:30320902:30320989:1
U6,ENSCAFG00845006243,4:32941214:32941321:1
U6,ENSCAFG00845008652,4:35658045:35658153:1
U4,ENSCAFG00845009054,4:35947653:35947781:-1
U4,ENSCAFG00845011504,4:36771096:36771187:1
U6,ENSCAFG00845012534,4:37330774:37330880:-1
U6,ENSCAFG00845000376,4:37795722:37795829:1
U6,ENSCAFG00845000520,4:39068336:39068443:-1
SNORD22,ENSCAFG00845001156,4:40304492:40304617:1
U6,ENSCAFG00845001199,4:40411334:40411438:-1
U2,ENSCAFG00845001596,4:40746280:40746372:-1
U6,ENSCAFG00845001887,4:41140557:41140651:-1
U6,ENSCAFG00845002845,4:42847122:42847229:1
MIR218-2,ENSCAFG00845003036,4:43432343:43432453:1
U6,ENSCAFG00845003390,4:43834814:43834918:1
U6,ENSCAFG00845000350,4:47348337:47348444:-1
U3,ENSCAFG00845000359,4:47543637:47543719:1
U2,ENSCAFG00845000565,4:49090667:49090757:1
U6,ENSCAFG00845000588,4:49218236:49218343:-1
U6,ENSCAFG00845001122,4:50778822:50778929:1
U4,ENSCAFG00845001190,4:50926346:50926493:1
U6,ENSCAFG00845001423,4:52647292:52647400:-1
U6,ENSCAFG00845001558,4:52919755:52919862:-1
U6,ENSCAFG00845002280,4:53284853:53284960:-1
U4,ENSCAFG00845002567,4:53556254:53556337:-1
U6,ENSCAFG00845004933,4:55565959:55566063:-1
U6,ENSCAFG00845005478,4:58517532:58517638:-1
U6,ENSCAFG00845006220,4:58812950:58813053:-1
U6,ENSCAFG00845009266,4:59779933:59780040:-1
MIR145,ENSCAFG00845009483,4:60015686:60015769:-1
MIR143,ENSCAFG00845009501,4:60017093:60017153:-1
U6,ENSCAFG00845010550,4:60328188:60328292:-1
Metazoa_SRP,ENSCAFG00845000305,4:61601285:61601556:1
U2,ENSCAFG00845000603,4:63386638:63386746:1
U6,ENSCAFG00845000626,4:63715889:63716005:1
U6,ENSCAFG00845000684,4:64424608:64424714:1
U6,ENSCAFG00845001222,4:64919703:64919810:-1
U6,ENSCAFG00845001267,4:65532083:65532187:1
U6,ENSCAFG00845001351,4:66825227:66825334:1
SNORD72,ENSCAFG00845002721,4:69064314:69064394:1
U2,ENSCAFG00845003538,4:70876377:70876569:1
SNORD22,ENSCAFG00845003837,4:71819102:71819228:-1
U6,ENSCAFG00845003882,4:71860723:71860821:-1
U6,ENSCAFG00845003899,4:71925575:71925682:1
U4,ENSCAFG00845000720,4:73448909:73449049:-1
U6,ENSCAFG00845000745,4:73599579:73599683:-1
U6,ENSCAFG00845001025,4:73937390:73937495:-1
U6,ENSCAFG00845001200,4:73985513:73985621:-1
U4,ENSCAFG00845001668,4:75200485:75200624:1
U6,ENSCAFG00845002873,4:78518314:78518418:1
SNORA62,ENSCAFG00845003282,4:86461097:86461250:1
U2,ENSCAFG00845003290,4:86515647:86515838:1
U6,ENSCAFG00845006227,5:3950324:3950431:-1
U6,ENSCAFG00845006937,5:4730964:4731066:1
U6,ENSCAFG00845006947,5:4818418:4818525:-1
U6,ENSCAFG00845007552,5:4951557:4951649:-1
U6,ENSCAFG00845008936,5:6239354:6239457:1
U6,ENSCAFG00845008944,5:6339784:6339888:-1
U4,ENSCAFG00845011595,5:10196595:10196746:-1
U6,ENSCAFG00845012271,5:10601191:10601291:1
SNORD14,ENSCAFG00845012946,5:11245715:11245803:1
MIR100,ENSCAFG00845013309,5:11996861:11996918:1
MIRLET7A2,ENSCAFG00845013316,5:12002280:12002376:1
MIR125B1,ENSCAFG00845013326,5:12047612:12047700:1
U4,ENSCAFG00845013337,5:12364458:12364592:-1
U6,ENSCAFG00845013791,5:13459105:13459208:1
U6,ENSCAFG00845014425,5:14437084:14437188:1
U6,ENSCAFG00845000386,5:14645674:14645778:1
U4,ENSCAFG00845002558,5:15384054:15384170:1
U4,ENSCAFG00845002704,5:15439513:15439677:1
U6,ENSCAFG00845004260,5:16470604:16470711:-1
U6,ENSCAFG00845004261,5:16603877:16603977:-1
U3,ENSCAFG00845004385,5:16828067:16828236:-1
U6,ENSCAFG00845000324,5:19384026:19384130:-1
U6,ENSCAFG00845000476,5:19504033:19504140:1
U4,ENSCAFG00845001237,5:20666094:20666242:1
U6,ENSCAFG00845002171,5:21339296:21339402:-1
U6,ENSCAFG00845003210,5:23234249:23234356:1
U6,ENSCAFG00845003354,5:23747488:23747590:-1
U1,ENSCAFG00845001186,5:29514704:29514855:-1
U4,ENSCAFG00845001592,5:30470099:30470269:1
Y_RNA,ENSCAFG00845016733,5:31945692:31945798:1
MIR195,ENSCAFG00845017321,5:32150421:32150482:-1
MIR497,ENSCAFG00845017334,5:32150740:32150807:-1
U8,ENSCAFG00845028113,5:33093453:33093589:-1
U6,ENSCAFG00845004095,5:38400189:38400292:-1
U6,ENSCAFG00845004178,5:38993867:38993970:-1
U4,ENSCAFG00845004724,5:39873784:39873945:1
U6,ENSCAFG00845015992,5:40080668:40080771:1
MIR33B,ENSCAFG00845023811,5:41791052:41791146:1
U6,ENSCAFG00845027130,5:43532703:43532810:-1
U4,ENSCAFG00845027140,5:43543778:43543920:1
U6,ENSCAFG00845028033,5:43826880:43826977:-1
MIR101-1,ENSCAFG00845029557,5:45367384:45367467:1
U6,ENSCAFG00845004784,5:45937853:45937960:-1
U2,ENSCAFG00845004869,5:46267142:46267222:-1
U2,ENSCAFG00845005043,5:47591945:47592126:1
U2,ENSCAFG00845005136,5:47667426:47667591:1
U6,ENSCAFG00845006528,5:51129019:51129124:-1
U6,ENSCAFG00845019128,5:56224411:56224518:1
MIR200B,ENSCAFG00845022840,5:56571296:56571376:1
MIR200A,ENSCAFG00845022859,5:56571957:56572048:-1
U6,ENSCAFG00845026845,5:61212213:61212320:1
U6,ENSCAFG00845027484,5:61822233:61822332:1
U6,ENSCAFG00845028329,5:62579905:62580018:-1
MIR34A,ENSCAFG00845028749,5:62712026:62712092:-1
U4,ENSCAFG00845004660,5:68021583:68021697:1
Metazoa_SRP,ENSCAFG00845017372,5:69380079:69380381:1
U6,ENSCAFG00845022138,5:73807797:73807906:1
U6,ENSCAFG00845022962,5:74693548:74693653:1
U4,ENSCAFG00845023714,5:75513713:75513853:1
U6,ENSCAFG00845023723,5:75541441:75541548:1
U4,ENSCAFG00845026321,5:76552304:76552418:-1
U6,ENSCAFG00845005092,5:76844575:76844682:1
U6,ENSCAFG00845005140,5:76884044:76884150:1
U6,ENSCAFG00845005396,5:77263668:77263763:-1
U6,ENSCAFG00845005561,5:77732155:77732262:-1
SNORD71,ENSCAFG00845006305,5:77974332:77974417:-1
U2,ENSCAFG00845008724,5:79398336:79398474:1
U4,ENSCAFG00845008799,5:80235660:80235811:-1
MIR140,ENSCAFG00845009071,5:80244512:80244593:-1
U4,ENSCAFG00845006772,5:82150774:82150859:1
U6,ENSCAFG00845012323,5:89301760:89301867:1
U4,ENSCAFG00845013200,6:459174:459331:-1
U6,ENSCAFG00845000931,6:1211819:1211917:-1
U6,ENSCAFG00845000935,6:1244506:1244613:1
U4,ENSCAFG00845001016,6:1628186:1628270:-1
U4,ENSCAFG00845001021,6:1737996:1738117:1
U4,ENSCAFG00845001430,6:3105778:3105921:1
U4,ENSCAFG00845001435,6:3765879:3765998:-1
U6,ENSCAFG00845001441,6:3838248:3838353:1
U6,ENSCAFG00845001781,6:5468017:5468124:1
U4,ENSCAFG00845002751,6:6042476:6042622:1
U6,ENSCAFG00845004552,6:7404780:7404887:1
U6,ENSCAFG00845004958,6:7796436:7796543:1
U6,ENSCAFG00845002330,6:9282376:9282480:1
U6,ENSCAFG00845002894,6:9517561:9517665:-1
U6,ENSCAFG00845003258,6:9910248:9910355:1
U4,ENSCAFG00845003280,6:9933446:9933526:1
U6,ENSCAFG00845003874,6:10424212:10424314:-1
U6,ENSCAFG00845012565,6:11885351:11885458:1
U6,ENSCAFG00845014868,6:13679454:13679561:1
U4,ENSCAFG00845014965,6:13973884:13974019:-1
MIR339,ENSCAFG00845008697,6:15984275:15984333:1
SNORA30,ENSCAFG00845013610,6:17593027:17593156:-1
U4,ENSCAFG00845004357,6:19840710:19840802:1
U2,ENSCAFG00845000402,6:21092939:21093130:-1
U6,ENSCAFG00845001210,6:21432538:21432642:1
U4,ENSCAFG00845001364,6:22053393:22053578:-1
MIR365A,ENSCAFG00845011257,6:29036342:29036452:-1
MIR193B,ENSCAFG00845011275,6:29041271:29041330:-1
U6,ENSCAFG00845000942,6:37157306:37157411:1
U1,ENSCAFG00845001522,6:37430177:37430343:1
SNORA72,ENSCAFG00845021249,6:39638274:39638382:-1
MIR8799E-1,ENSCAFG00845001740,6:41348850:41348983:1
MIR8799E-1,ENSCAFG00845001825,6:41517818:41517951:-1
U4,ENSCAFG00845002086,6:41963880:41964005:-1
U2,ENSCAFG00845007994,6:43228838:43228990:-1
U4,ENSCAFG00845012041,6:49065351:49065467:-1
U4,ENSCAFG00845012092,6:49431533:49431671:1
U3,ENSCAFG00845013700,6:50406890:50406967:-1
U6,ENSCAFG00845013908,6:50727578:50727682:-1
U6,ENSCAFG00845013984,6:51317605:51317707:1
U4,ENSCAFG00845014091,6:52068713:52068813:-1
U6,ENSCAFG00845014267,6:52228564:52228660:-1
U4,ENSCAFG00845014276,6:52904964:52905090:1
U3,ENSCAFG00845014441,6:54582645:54582740:1
U6,ENSCAFG00845014700,6:54783281:54783385:-1
U6,ENSCAFG00845014713,6:55070280:55070388:1
SNORD58,ENSCAFG00845014829,6:56458033:56458099:-1
SNORA66,ENSCAFG00845014946,6:56583288:56583425:-1
SNORD21,ENSCAFG00845014955,6:56587510:56587606:-1
U6,ENSCAFG00845015554,6:56886809:56886916:-1
U6,ENSCAFG00845016356,6:57616698:57616805:1
U3,ENSCAFG00845017361,6:59066032:59066237:1
U3,ENSCAFG00845017413,6:59181849:59182078:1
U4,ENSCAFG00845018628,6:59925553:59925735:1
U6,ENSCAFG00845019261,6:61265031:61265138:1
SELENOF,ENSCAFG00845019467,6:61838907:61881268:1
U6,ENSCAFG00845001280,6:63441197:63441300:1
U6,ENSCAFG00845001436,6:63602195:63602298:1
U6,ENSCAFG00845001578,6:63778477:63778580:-1
U6,ENSCAFG00845002636,6:66374991:66375098:-1
U12,ENSCAFG00845002661,6:66921789:66921938:1
U4,ENSCAFG00845002701,6:68113712:68113838:-1
U6,ENSCAFG00845002991,6:68873383:68873490:-1
U6,ENSCAFG00845003058,6:69273311:69273417:1
U6,ENSCAFG00845003139,6:69401835:69401942:1
U6,ENSCAFG00845003197,6:69488250:69488356:1
U1,ENSCAFG00845003927,6:69795671:69795835:1
U6,ENSCAFG00845004107,6:70603699:70603806:-1
U6,ENSCAFG00845004509,6:71612484:71612591:-1
U6,ENSCAFG00845004738,6:72644181:72644283:1
U6,ENSCAFG00845012867,6:75861267:75861373:1
U6,ENSCAFG00845013081,6:76091220:76091324:1
U6,ENSCAFG00845013558,6:76918096:76918203:-1
U6,ENSCAFG00845022574,7:2477978:2478081:-1
U6,ENSCAFG00845022922,7:3467319:3467387:-1
MIR181A1,ENSCAFG00845022959,7:3709034:3709096:1
U4,ENSCAFG00845001174,7:5386523:5386657:-1
U6,ENSCAFG00845001323,7:5673074:5673177:1
U6,ENSCAFG00845001975,7:6055842:6055944:1
U6,ENSCAFG00845002545,7:7578323:7578431:-1
MIR205,ENSCAFG00845002561,7:7791120:7791189:1
U6,ENSCAFG00845002738,7:8063862:8063968:-1
U4,ENSCAFG00845003027,7:8454106:8454250:1
U5,ENSCAFG00845003183,7:8673441:8673556:-1
U4,ENSCAFG00845003508,7:9852592:9852764:-1
U5,ENSCAFG00845002456,7:13851799:13851916:1
U6,ENSCAFG00845002635,7:14363738:14363840:-1
Metazoa_SRP,ENSCAFG00845004844,7:17614888:17615189:-1
U6,ENSCAFG00845004998,7:17949144:17949255:1
U6,ENSCAFG00845007126,7:20879918:20880021:1
MIR488,ENSCAFG00845008500,7:22344623:22344706:1
U6,ENSCAFG00845008760,7:22680009:22680108:-1
U1,ENSCAFG00845008837,7:23037311:23037475:-1
SCARNA3,ENSCAFG00845009294,7:23287993:23288131:1
U4,ENSCAFG00845009876,7:23826286:23826408:1
U6,ENSCAFG00845011091,7:24635779:24635886:-1
U6,ENSCAFG00845011104,7:24922784:24922891:-1
SNORD79,ENSCAFG00845011387,7:25115473:25115550:1
SNORD81,ENSCAFG00845011419,7:25116609:25116686:1
U6,ENSCAFG00845012584,7:26269929:26270029:-1
SNORA70,ENSCAFG00845001315,7:27318635:27318769:1
U2,ENSCAFG00845002767,7:30035852:30036004:-1
U2,ENSCAFG00845003429,7:30618391:30618582:1
U3,ENSCAFG00845003434,7:30640926:30641140:1
U4,ENSCAFG00845003642,7:31182993:31183135:-1
U4,ENSCAFG00845004041,7:32027492:32027623:-1
U6,ENSCAFG00845004499,7:32936899:32937013:-1
U2,ENSCAFG00845004512,7:33044834:33045039:1
U4,ENSCAFG00845006766,7:37419892:37420042:-1
U6,ENSCAFG00845006776,7:37529175:37529276:-1
U6,ENSCAFG00845007737,7:37614651:37614755:-1
U6,ENSCAFG00845012987,7:40021167:40021274:-1
U4,ENSCAFG00845013877,7:40739740:40739938:-1
U4,ENSCAFG00845013973,7:40868559:40868709:-1
U4,ENSCAFG00845002394,7:44172455:44172568:1
U6,ENSCAFG00845003825,7:48077046:48077150:-1
U1,ENSCAFG00845004016,7:48634586:48634750:-1
U6,ENSCAFG00845004071,7:49580202:49580304:1
SNORD22,ENSCAFG00845004077,7:50615546:50615671:-1
U6,ENSCAFG00845004132,7:51362726:51362831:-1
U4,ENSCAFG00845004564,7:53620224:53620366:-1
U4,ENSCAFG00845004569,7:53872976:53873101:-1
U6,ENSCAFG00845004777,7:54184552:54184659:1
MIR187,ENSCAFG00845004780,7:54232782:54232850:1
U6,ENSCAFG00845009317,7:56416810:56416921:-1
U6,ENSCAFG00845009325,7:56444112:56444219:1
U6,ENSCAFG00845010004,7:57545147:57545254:1
U6,ENSCAFG00845011650,7:58343059:58343165:-1
U6,ENSCAFG00845012037,7:60071931:60072032:-1
U6,ENSCAFG00845015376,7:65018306:65018414:-1
U6,ENSCAFG00845015490,7:65266585:65266690:1
U4,ENSCAFG00845001698,7:67450019:67450151:1
U6,ENSCAFG00845002241,7:67652528:67652632:1
U6,ENSCAFG00845003398,7:71326135:71326219:-1
U6,ENSCAFG00845003904,7:72716174:72716284:-1
U3,ENSCAFG00845003936,7:73203397:73203515:1
SCARNA17,ENSCAFG00845016021,7:79086015:79086152:-1
SNORD58,ENSCAFG00845016499,7:79331444:79331510:1
SNORD58,ENSCAFG00845016511,7:79331866:79331932:1
SNORD58,ENSCAFG00845016526,7:79332879:79332945:1
U6,ENSCAFG00845018291,8:264405:264512:1
U4,ENSCAFG00845020625,8:1409178:1409311:-1
U6,ENSCAFG00845022936,8:2325825:2325932:-1
U6,ENSCAFG00845023364,8:2503959:2504066:-1
U6,ENSCAFG00845002131,8:3309772:3309876:-1
U1,ENSCAFG00845003259,8:3551626:3551788:-1
U6,ENSCAFG00845007555,8:4421441:4421548:1
U6,ENSCAFG00845008152,8:4528146:4528250:-1
U6,ENSCAFG00845008684,8:4698287:4698391:1
U4,ENSCAFG00845008902,8:5172571:5172690:1
RNaseP_nuc,ENSCAFG00845008932,8:5514244:5514577:1
U6,ENSCAFG00845008942,8:5932242:5932342:-1
U6,ENSCAFG00845009117,8:7045138:7045245:-1
U4,ENSCAFG00845009154,8:7347123:7347258:-1
U6,ENSCAFG00845009319,8:8852923:8853031:1
U6,ENSCAFG00845009389,8:9076822:9076929:1
U6,ENSCAFG00845009976,8:9328836:9328938:1
U6,ENSCAFG00845010649,8:10091308:10091408:1
U6,ENSCAFG00845010674,8:10295266:10295371:1
U6,ENSCAFG00845011010,8:10460148:10460255:-1
U6,ENSCAFG00845012123,8:11415384:11415491:1
U6,ENSCAFG00845012130,8:11417972:11418079:-1
U6,ENSCAFG00845012227,8:11874614:11874721:1
U1,ENSCAFG00845001529,8:13526616:13526780:-1
U1,ENSCAFG00845001536,8:13531799:13531963:1
U1,ENSCAFG00845001549,8:13540496:13540660:1
U1,ENSCAFG00845001555,8:13554038:13554202:-1
U1,ENSCAFG00845001560,8:13562678:13562842:-1
U1,ENSCAFG00845001565,8:13567874:13568038:1
U6,ENSCAFG00845002483,8:14508553:14508658:-1
U12,ENSCAFG00845002487,8:14547731:14547878:1
U6,ENSCAFG00845002517,8:14635116:14635225:1
SNORA62,ENSCAFG00845002939,8:15895078:15895232:1
U6,ENSCAFG00845004039,8:21784514:21784616:-1
U6,ENSCAFG00845004045,8:21816329:21816435:-1
U6,ENSCAFG00845002001,8:23195137:23195244:-1
Metazoa_SRP,ENSCAFG00845002225,8:26401973:26402273:1
U1,ENSCAFG00845002363,8:26445667:26445833:-1
Metazoa_SRP,ENSCAFG00845002520,8:26589479:26589779:-1
Metazoa_SRP,ENSCAFG00845002522,8:26600441:26600741:-1
U6,ENSCAFG00845003496,8:27961811:27961912:1
U6,ENSCAFG00845003707,8:28539500:28539607:-1
U6,ENSCAFG00845003803,8:28847371:28847478:-1
U6,ENSCAFG00845004597,8:30823394:30823502:1
U6,ENSCAFG00845014985,8:31200098:31200204:-1
U6,ENSCAFG00845015163,8:31288566:31288677:-1
U7,ENSCAFG00845016478,8:31863699:31863760:-1
U6,ENSCAFG00845016563,8:32331467:32331575:1
U6,ENSCAFG00845018601,8:33860364:33860467:-1
U6,ENSCAFG00845019769,8:34694520:34694627:1
U6,ENSCAFG00845022813,8:36029080:36029184:-1
U6,ENSCAFG00845023151,8:36535999:36536102:1
U4,ENSCAFG00845002029,8:39089470:39089657:1
U4,ENSCAFG00845003208,8:40949234:40949363:-1
U4,ENSCAFG00845003887,8:43031405:43031535:-1
U6,ENSCAFG00845004165,8:43631302:43631410:-1
U6,ENSCAFG00845008071,8:44748151:44748258:1
U4,ENSCAFG00845009668,8:45457451:45457589:-1
U4,ENSCAFG00845011512,8:45682090:45682222:-1
U4,ENSCAFG00845013338,8:47312332:47312494:-1
U4,ENSCAFG00845013978,8:47504157:47504332:-1
U6,ENSCAFG00845007473,8:50524996:50525098:-1
Y_RNA,ENSCAFG00845007564,8:50593375:50593483:-1
U4,ENSCAFG00845008250,8:52776232:52776364:-1
SNORA79,ENSCAFG00845009141,8:53780955:53781100:-1
U6,ENSCAFG00845009432,8:55901153:55901260:-1
U6,ENSCAFG00845009444,8:56166635:56166741:-1
U6,ENSCAFG00845009555,8:57634076:57634182:1
U4,ENSCAFG00845009604,8:58732335:58732540:1
U6,ENSCAFG00845010578,8:60017601:60017708:1
U6,ENSCAFG00845012593,8:60840985:60841091:1
U6,ENSCAFG00845013839,8:62635626:62635733:-1
U6,ENSCAFG00845002102,8:62789935:62790042:-1
U6,ENSCAFG00845002420,8:62958926:62959032:1
U6,ENSCAFG00845003199,8:63994374:63994481:1
U6,ENSCAFG00845003467,8:64792404:64792511:-1
U6,ENSCAFG00845003819,8:67788088:67788194:1
U4,ENSCAFG00845004224,8:68605342:68605521:-1
MIR342,ENSCAFG00845004228,8:68710009:68710072:1
U2,ENSCAFG00845018862,8:71468077:71468259:1
U4,ENSCAFG00845018878,8:71500498:71500627:-1
U6,ENSCAFG00845020321,8:71764492:71764601:-1
U1,ENSCAFG00845021429,8:72405093:72405254:-1
U4,ENSCAFG00845012664,9:1933477:1933613:1
Y_RNA,ENSCAFG00845014045,9:2849274:2849384:-1
RNaseP_nuc,ENSCAFG00845018452,9:5030318:5030537:-1
U4,ENSCAFG00845023651,9:5460688:5460857:1
U4,ENSCAFG00845027264,9:5893325:5893407:-1
U6,ENSCAFG00845020368,9:7896356:7896453:-1
U2,ENSCAFG00845020504,9:9202744:9202898:-1
U4,ENSCAFG00845020516,9:9385629:9385735:1
U2,ENSCAFG00845020526,9:9487135:9487263:-1
U6,ENSCAFG00845020540,9:9564833:9564906:1
U6,ENSCAFG00845017205,9:12505998:12506105:1
U6,ENSCAFG00845022538,9:13665486:13665584:1
SNORD104,ENSCAFG00845022591,9:13685789:13685860:1
SNORA50C,ENSCAFG00845022610,9:13686059:13686193:1
U6,ENSCAFG00845028120,9:15312633:15312741:-1
U6,ENSCAFG00845028443,9:15912992:15913095:-1
U6,ENSCAFG00845029518,9:17101986:17102093:-1
U6,ENSCAFG00845010715,9:20377809:20377916:1
U2,ENSCAFG00845011013,9:20534300:20534491:-1
U2,ENSCAFG00845011026,9:20538942:20539133:1
U2,ENSCAFG00845011037,9:20551674:20551865:1
U2,ENSCAFG00845011050,9:20556555:20556746:1
U2,ENSCAFG00845011059,9:20562099:20562290:-1
U2,ENSCAFG00845011069,9:20566992:20567183:-1
U2,ENSCAFG00845011074,9:20579785:20579976:-1
U2,ENSCAFG00845011081,9:20586531:20586722:-1
U2,ENSCAFG00845011086,9:20593257:20593448:-1
U2,ENSCAFG00845011098,9:20599984:20600175:-1
U2,ENSCAFG00845011108,9:20606724:20606915:-1
U2,ENSCAFG00845011119,9:20613688:20613880:-1
U6,ENSCAFG00845013377,9:22384974:22385081:-1
U6,ENSCAFG00845008894,9:23101298:23101406:1
U6,ENSCAFG00845009476,9:23194494:23194591:1
SNORD124,ENSCAFG00845010318,9:23313505:23313609:1
U6,ENSCAFG00845012956,9:23760974:23761081:1
SNORA21,ENSCAFG00845013966,9:24192793:24192928:1
MIR152,ENSCAFG00845016285,9:25128552:25128632:-1
MIR10A,ENSCAFG00845017284,9:25636555:25636659:-1
MIR196A1,ENSCAFG00845009967,9:25690133:25690224:-1
U2,ENSCAFG00845010308,9:25917209:25917319:1
U6,ENSCAFG00845010564,9:25981124:25981231:-1
U6,ENSCAFG00845010766,9:26125122:26125216:-1
U6,ENSCAFG00845015094,9:27736967:27737073:1
U6,ENSCAFG00845015699,9:28998600:28998707:-1
U6,ENSCAFG00845015714,9:29144346:29144452:-1
U4,ENSCAFG00845015726,9:29884068:29884194:1
U6,ENSCAFG00845015920,9:30379962:30380069:1
U4,ENSCAFG00845016565,9:30920540:30920663:1
U4,ENSCAFG00845015940,9:32780328:32780483:1
MIR142,ENSCAFG00845020364,9:33783995:33784082:-1
U3,ENSCAFG00845022830,9:34043381:34043595:-1
U3,ENSCAFG00845022849,9:34051624:34051799:-1
U3,ENSCAFG00845022877,9:34058415:34058630:-1
U3,ENSCAFG00845022904,9:34063500:34063715:-1
U1,ENSCAFG00845022919,9:34071878:34072042:-1
U1,ENSCAFG00845023046,9:34077726:34077888:-1
U1,ENSCAFG00845023063,9:34083984:34084148:-1
MIR454,ENSCAFG00845024535,9:34519571:34519641:-1
MIR21,ENSCAFG00845025927,9:35150867:35150959:1
U6,ENSCAFG00845026482,9:35256268:35256375:1
U4,ENSCAFG00845028032,9:36346987:36347180:1
U4,ENSCAFG00845028331,9:37082518:37082651:1
U2,ENSCAFG00845006767,9:37607490:37607650:-1
U4,ENSCAFG00845006777,9:37713625:37713764:-1
U2,ENSCAFG00845007565,9:37733185:37733369:-1
U4,ENSCAFG00845008722,9:38400533:38400678:-1
U6,ENSCAFG00845010846,9:39179596:39179701:1
SNORA70,ENSCAFG00845011035,9:39438640:39438743:-1
U6,ENSCAFG00845014029,9:42056277:42056376:1
MIR365B,ENSCAFG00845014036,9:42123713:42123824:-1
U6,ENSCAFG00845015172,9:43306240:43306343:-1
U6,ENSCAFG00845015187,9:43352580:43352688:-1
SNORD42,ENSCAFG00845008864,9:43733785:43733852:1
SNORD42,ENSCAFG00845008888,9:43736380:43736445:1
MIR451A,ENSCAFG00845009093,9:43848582:43848651:-1
MIR144,ENSCAFG00845009106,9:43848754:43848814:-1
U4,ENSCAFG00845011045,9:44260298:44260433:1
U6,ENSCAFG00845011246,9:44345792:44345899:-1
U6,ENSCAFG00845013166,9:45441769:45441876:1
U6,ENSCAFG00845014674,9:46627685:46627792:-1
MIR22,ENSCAFG00845014706,9:46679601:46679694:-1
MIR132,ENSCAFG00845013935,9:46984360:46984461:-1
MIR212,ENSCAFG00845013940,9:46984752:46984834:-1
U4,ENSCAFG00845015386,9:48088558:48088663:1
U4,ENSCAFG00845016817,9:48383021:48383168:1
U6,ENSCAFG00845017185,9:48467426:48467534:1
SNORA70,ENSCAFG00845022831,9:49176944:49177078:1
MIR126,ENSCAFG00845005417,9:49756793:49756866:-1
SNORD24,ENSCAFG00845009821,9:50658290:50658365:1
SNORD36,ENSCAFG00845009833,9:50659048:50659122:1
SNORD36,ENSCAFG00845009850,9:50659436:50659506:1
SNORD36,ENSCAFG00845009865,9:50659851:50659918:1
U6,ENSCAFG00845011876,9:50981321:50981428:1
U6,ENSCAFG00845011962,9:51217120:51217227:1
SNORA63,ENSCAFG00845017916,9:53145613:53145739:-1
U4,ENSCAFG00845018636,9:53461648:53461810:1
SNORD62,ENSCAFG00845019890,9:53546832:53546915:-1
U6,ENSCAFG00845020223,9:53790828:53790927:1
U6,ENSCAFG00845022984,9:54834961:54835056:1
Y_RNA,ENSCAFG00845023568,9:55042290:55042395:-1
U4,ENSCAFG00845028186,9:55952902:55953027:1
U2,ENSCAFG00845028868,9:56002931:56003035:-1
U3,ENSCAFG00845028944,9:56051090:56051301:-1
MIR219A2,ENSCAFG00845028951,9:56061207:56061272:1
U6,ENSCAFG00845008182,9:57266429:57266536:-1
U6,ENSCAFG00845008262,9:57399797:57399904:-1
U4,ENSCAFG00845008516,9:57779617:57779749:-1
SNORA72,ENSCAFG00845009037,9:58459896:58460028:1
RNaseP_nuc,ENSCAFG00845009468,9:58724272:58724566:-1
U6,ENSCAFG00845010377,9:59105124:59105232:1
MIR181B2,ENSCAFG00845010491,9:59221633:59221722:-1
MIR181A2,ENSCAFG00845010505,9:59222880:59222940:-1
U6,ENSCAFG00845010515,9:59371498:59371605:-1
U6,ENSCAFG00845013071,9:60750055:60750160:-1
SNORD90,ENSCAFG00845013239,9:60825712:60825823:1
SNORD22,ENSCAFG00845024222,X:2588071:2588196:-1
U2,ENSCAFG00845024245,X:4397536:4397709:1
U6,ENSCAFG00845024344,X:4706014:4706121:-1
U4,ENSCAFG00845024355,X:4713532:4713686:1
U6,ENSCAFG00845026293,X:6934242:6934346:-1
U2,ENSCAFG00845026307,X:6976138:6976233:-1
U4,ENSCAFG00845027110,X:8232382:8232496:-1
U4,ENSCAFG00845028195,X:8409529:8409646:-1
U6,ENSCAFG00845028404,X:9490561:9490668:1
U6,ENSCAFG00845029159,X:10716049:10716156:1
U6,ENSCAFG00845030782,X:12685840:12685943:-1
U6,ENSCAFG00845030845,X:12929850:12929957:-1
U4,ENSCAFG00845024405,X:14086979:14087102:-1
U6,ENSCAFG00845025136,X:14324022:14324129:1
U1,ENSCAFG00845025167,X:14468772:14468926:-1
U6,ENSCAFG00845027978,X:15148358:15148458:1
Metazoa_SRP,ENSCAFG00845027990,X:15148719:15148990:-1
U3,ENSCAFG00845028226,X:15368486:15368580:-1
U6,ENSCAFG00845029449,X:17040029:17040129:-1
U6,ENSCAFG00845029966,X:17752643:17752745:-1
U6,ENSCAFG00845030110,X:19298427:19298529:1
U6,ENSCAFG00845030417,X:19676304:19676410:-1
U6,ENSCAFG00845030424,X:19681801:19681901:-1
U8,ENSCAFG00845030838,X:21488826:21488963:-1
U6,ENSCAFG00845030850,X:21584898:21585005:1
U4,ENSCAFG00845015329,X:25569924:25570093:-1
U6,ENSCAFG00845015364,X:25758208:25758312:-1
U6,ENSCAFG00845021591,X:28651188:28651295:1
Y_RNA,ENSCAFG00845021684,X:29458597:29458708:1
U6,ENSCAFG00845021875,X:29855143:29855254:-1
U6,ENSCAFG00845021931,X:30547226:30547329:-1
U4,ENSCAFG00845022024,X:30776233:30776318:1
U6,ENSCAFG00845024018,X:32690258:32690365:-1
U4,ENSCAFG00845024714,X:32806780:32806926:1
U6,ENSCAFG00845026497,X:34841807:34841909:-1
U6,ENSCAFG00845026890,X:36367683:36367779:-1
U6,ENSCAFG00845026908,X:36454548:36454638:1
U6,ENSCAFG00845026920,X:36993738:36993841:1
U6,ENSCAFG00845027698,X:37939081:37939188:1
U6,ENSCAFG00845027714,X:38020832:38020939:-1
U6,ENSCAFG00845028111,X:38315939:38316033:1
U6,ENSCAFG00845028161,X:38489088:38489197:1
U6,ENSCAFG00845029553,X:40575803:40575894:-1
U4,ENSCAFG00845030387,X:40991173:40991309:1
SNORD22,ENSCAFG00845030691,X:41784298:41784413:1
U6,ENSCAFG00845030939,X:42145616:42145728:-1
U2,ENSCAFG00845027257,X:43245950:43246119:1
U4,ENSCAFG00845027265,X:43454697:43454875:1
U6,ENSCAFG00845027450,X:43540797:43540897:1
U6,ENSCAFG00845027480,X:43787686:43787787:-1
Metazoa_SRP,ENSCAFG00845030461,X:48115317:48115612:-1
U4,ENSCAFG00845025197,X:49593985:49594124:1
U6,ENSCAFG00845025827,X:50239046:50239150:-1
RNaseP_nuc,ENSCAFG00845026457,X:50859040:50859370:-1
U6,ENSCAFG00845028156,X:53024109:53024216:-1
MIR676,ENSCAFG00845028883,X:55462036:55462093:1
U6,ENSCAFG00845016383,X:56075184:56075291:1
U6,ENSCAFG00845016775,X:56372985:56373093:1
U6,ENSCAFG00845017923,X:56634378:56634478:1
U4,ENSCAFG00845019836,X:57085634:57085831:-1
U6,ENSCAFG00845029714,X:57650673:57650781:1
U4,ENSCAFG00845029991,X:59006467:59006622:-1
U6,ENSCAFG00845022194,X:63380608:63380713:1
U6,ENSCAFG00845022209,X:63586871:63586992:-1
SNORA62,ENSCAFG00845022525,X:63959453:63959611:-1
U6,ENSCAFG00845022540,X:63959836:63959943:-1
U4,ENSCAFG00845023577,X:66842521:66842672:-1
U6,ENSCAFG00845025703,X:68550229:68550336:1
SNORD39,ENSCAFG00845025716,X:68804692:68804783:1
U6,ENSCAFG00845025986,X:69766975:69767078:1
U6,ENSCAFG00845026268,X:71212543:71212647:1
U4,ENSCAFG00845026731,X:71443497:71443625:1
U6,ENSCAFG00845026755,X:72233930:72234034:-1
U4,ENSCAFG00845026797,X:72462812:72462966:1
U6,ENSCAFG00845026818,X:72573397:72573507:1
U6,ENSCAFG00845026851,X:72930270:72930377:-1
U6,ENSCAFG00845015575,X:74666991:74667098:1
U6,ENSCAFG00845016941,X:76388420:76388524:1
U4,ENSCAFG00845019884,X:76850627:76850786:1
U4,ENSCAFG00845021357,X:77161613:77161759:1
U6,ENSCAFG00845022576,X:77904191:77904291:-1
U6,ENSCAFG00845022588,X:77943457:77943564:-1
U6,ENSCAFG00845023094,X:78136276:78136383:-1
U4,ENSCAFG00845023149,X:78203377:78203538:-1
U6,ENSCAFG00845016374,X:81197672:81197769:-1
U6,ENSCAFG00845016571,X:81698287:81698392:-1
U6,ENSCAFG00845016591,X:81732788:81732891:-1
U6,ENSCAFG00845018502,X:83069165:83069272:-1
U4,ENSCAFG00845020913,X:83722156:83722313:-1
U6,ENSCAFG00845020966,X:83917392:83917499:-1
MIR652,ENSCAFG00845021568,X:84920612:84920675:1
U6,ENSCAFG00845021768,X:85406813:85406916:1
U6,ENSCAFG00845021781,X:85410236:85410339:1
U6,ENSCAFG00845022437,X:86036472:86036581:1
U4,ENSCAFG00845022637,X:86121925:86122056:-1
U2,ENSCAFG00845023398,X:86833149:86833300:-1
U6,ENSCAFG00845023717,X:87529371:87529478:1
SNORA35,ENSCAFG00845015864,X:89094821:89094950:1
MIR1912,ENSCAFG00845015907,X:89112926:89113006:1
MIR448,ENSCAFG00845015984,X:89270889:89270999:1
U6,ENSCAFG00845016426,X:89504115:89504219:1
U6,ENSCAFG00845016774,X:90008702:90008805:-1
U6,ENSCAFG00845017919,X:90957750:90957857:1
Metazoa_SRP,ENSCAFG00845017955,X:91347256:91347539:-1
U4,ENSCAFG00845018540,X:92064850:92064987:-1
U6,ENSCAFG00845018551,X:92236836:92236943:1
U6,ENSCAFG00845018949,X:92425031:92425134:1
U6,ENSCAFG00845020383,X:93144328:93144432:1
U6,ENSCAFG00845021638,X:93826939:93827046:1
U6,ENSCAFG00845023605,X:94251072:94251175:1
U6,ENSCAFG00845023883,X:94404767:94404874:1
U4,ENSCAFG00845024917,X:96694000:96694115:1
U6,ENSCAFG00845025656,X:97056064:97056171:1
U4,ENSCAFG00845026163,X:97220895:97221029:1
U6,ENSCAFG00845030943,X:98666082:98666186:1
U6,ENSCAFG00845030960,X:99939016:99939118:1
SNORD22,ENSCAFG00845030966,X:101183003:101183128:1
U2,ENSCAFG00845030971,X:102216871:102217062:-1
U6,ENSCAFG00845030972,X:102329958:102330065:-1
U6,ENSCAFG00845031069,X:104147623:104147730:1
U6,ENSCAFG00845031093,X:105250146:105250253:1
Y_RNA,ENSCAFG00845031096,X:105860798:105860900:-1
MIR363,ENSCAFG00845031102,X:106755412:106755479:-1
MIR92A2,ENSCAFG00845024477,X:106755581:106755642:-1
MIR19B2,ENSCAFG00845024521,X:106755717:106755781:-1
MIR20B,ENSCAFG00845024534,X:106755846:106755914:-1
U3,ENSCAFG00845024774,X:106938271:106938398:1
MIR450A1,ENSCAFG00845024986,X:107037190:107037281:-1
MIR450A2,ENSCAFG00845025003,X:107037320:107037420:-1
MIR542,ENSCAFG00845025016,X:107038098:107038182:-1
U6,ENSCAFG00845025991,X:107812070:107812177:-1
U6,ENSCAFG00845029265,X:108943577:108943684:-1
SNORA70,ENSCAFG00845029490,X:109739804:109739938:1
U4,ENSCAFG00845030036,X:111561211:111561350:1
U6,ENSCAFG00845019444,X:114487486:114487590:1
MIR8908B,ENSCAFG00845019887,X:116699350:116699471:-1
MIR8908B,ENSCAFG00845019933,X:116717194:116717315:-1
SNORA70,ENSCAFG00845021049,X:118416920:118417043:1
U2,ENSCAFG00845022961,X:120577487:120577641:1
U6,ENSCAFG00845023457,X:121049499:121049606:-1
U6,ENSCAFG00845024940,X:121770535:121770640:-1
U6,ENSCAFG00845025784,X:122466041:122466146:-1
U4,ENSCAFG00845021102,X:122794538:122794707:1
SNORA62,ENSCAFG00845021170,X:122853115:122853265:1
U2,ENSCAFG00845024275,X:124674531:124674716:-1
U4,ENSCAFG00845027346,X:125052397:125052571:-1
SNORA70,ENSCAFG00845028664,X:125241796:125241930:1
